,no,age,gender,education,country,ethnicity,Nscore,Escore,Oscore,AScore,Cscore,Alcohol,value,freq
5,1180,25-34,F,8,USA,White,2.127,0.47617,1.88511,-2.78793,-1.25773,Used in Last Month,1,4
8,1047,25-34,F,8,USA,White,1.37297,1.2861,1.88511,-2.5383,-1.25773,Used in Last Week,1,5
11,1779,18-24,F,7,USA,White,-0.05188,0.32197,-0.01928,-2.5383,0.7583,Used in Last Week,1,5
13,1829,25-34,F,8,USA,White,-0.34799,1.11406,0.44585,-2.5383,-0.14277,Used in Last Week,1,5
17,1476,25-34,F,5,USA,White,2.46262,-1.92173,-0.58331,-2.35413,-2.30408,Used in Last Week,1,5
21,917,25-34,F,3,USA,White,2.28554,-2.5383,-0.58331,-2.21844,-3.15735,Used in Last Week,1,5
24,1432,18-24,F,5,USA,White,1.23461,1.11406,-0.58331,-2.21844,-0.65253,Used in Last Day,1,6
25,1680,18-24,F,7,UK,White,0.13606,0.63779,-0.01928,-2.21844,1.63088,Used in Last Year,1,3
28,122,35-44,F,6,UK,White,1.49158,-1.23177,-1.55521,-2.07848,-0.78155,Used in Last Decade,1,2
30,537,25-34,F,7,USA,White,0.91093,0.00332,0.88309,-2.07848,-0.52745,Used in Last Week,1,5
32,1133,25-34,F,6,USA,White,2.28554,0.80523,0.7233,-2.07848,-1.78169,Used in Last Month,1,4
33,1207,18-24,F,4,UK,White,-1.05308,-0.57545,-0.01928,-2.07848,-1.38502,Used in Last Week,1,5
34,1502,18-24,F,5,USA,White,0.62967,0.16767,0.58331,-2.07848,-0.00665,Used in Last Month,1,4
44,813,45-54,F,7,USA,White,1.23461,1.74091,0.88309,-1.92595,-1.64101,Used in Last Day,1,6
53,1750,25-34,F,3,USA,White,2.61139,-0.43999,-0.45174,-1.92595,-2.04506,Used in Last Week,1,5
55,339,45-54,F,6,Canada,White,-0.58016,0.32197,1.06238,-1.772,0.41594,Used in Last Week,1,5
57,439,25-34,F,7,USA,White,2.82196,-0.43999,-0.84732,-1.772,-2.04506,Used in Last Week,1,5
58,449,18-24,F,5,UK,White,1.13281,1.45421,1.06238,-1.772,-0.89891,Used in Last Week,1,5
59,461,18-24,F,7,UK,White,1.23461,-1.37639,1.24033,-1.772,0.25953,Used in Last Day,1,6
62,565,25-34,F,8,UK,White,0.82562,0.32197,-0.58331,-1.772,-0.27607,Used in Last Week,1,5
63,572,35-44,F,6,Australia,White,0.22393,1.11406,-1.11902,-1.772,-0.40581,Used in Last Day,1,6
64,806,18-24,F,7,Canada,White,1.98437,-1.50796,1.43533,-1.772,0.41594,Used in Last Day,1,6
65,984,25-34,F,7,USA,White,0.62967,-0.15487,1.88511,-1.772,1.13407,Used in Last Week,1,5
66,1058,35-44,F,4,USA,White,0.31287,-1.23177,-1.11902,-1.772,-1.38502,Used in Last Month,1,4
68,1267,25-34,F,8,UK,White,1.8399,-0.94779,-0.31776,-1.772,-2.04506,Used in Last Week,1,5
70,1367,18-24,F,2,Canada,White,0.13606,-0.30033,-0.01928,-1.772,-2.18109,Used in Last Day,1,6
72,1490,25-34,F,5,USA,White,-0.46725,-0.43999,-0.17779,-1.772,-1.25773,Used in Last Day,1,6
73,1509,18-24,F,7,UK,White,1.02119,-0.69509,0.88309,-1.772,-0.40581,Used in Last Day,1,6
77,1886,25-34,F,7,USA,White,1.13281,-1.37639,-1.27553,-1.772,-1.38502,Used in Last Month,1,4
79,13,55-64,F,7,UK,White,2.28554,0.16767,0.44585,-1.6209,-0.78155,Used in Last Week,1,5
84,518,35-44,F,2,UK,White,-0.14882,0.16767,-0.71727,-1.6209,0.25953,Used in Last Day,1,6
86,592,35-44,F,7,UK,White,0.41667,-0.43999,-0.31776,-1.6209,1.63088,Used in Last Day,1,6
87,615,25-34,F,8,UK,White,1.98437,-0.30033,-0.31776,-1.6209,-0.65253,Used in Last Day,1,6
96,1222,18-24,F,6,USA,White,1.02119,0.96248,0.29338,-1.6209,-0.89891,Used in Last Month,1,4
97,1269,35-44,F,7,UK,White,0.41667,0.00332,-1.11902,-1.6209,-0.00665,Used in Last Week,1,5
99,1330,25-34,F,7,UK,White,1.8399,-0.80615,1.24033,-1.6209,-1.13788,Used in Last Week,1,5
101,1742,25-34,F,7,USA,White,1.49158,0.63779,0.88309,-1.6209,-0.00665,Used in Last Week,1,5
104,1887,18-24,F,5,USA,White,0.91093,-1.92173,0.29338,-1.6209,-2.57309,Used in Last Week,1,5
106,75,65+,F,2,UK,White,-1.1943,-1.7625,-2.8595,-1.47955,0.25953,Used in Last Year,1,3
107,246,25-34,F,5,UK,White,-0.24649,-0.94779,-1.68062,-1.47955,-1.38502,Used in Last Week,1,5
121,1223,18-24,F,4,USA,White,1.02119,-0.30033,0.14143,-1.47955,-0.65253,Used in Last Day,1,6
123,1314,18-24,F,5,USA,White,-1.32828,2.32338,-2.39883,-1.47955,-1.38502,Used in Last Day,1,6
124,1369,18-24,F,5,USA,White,1.49158,0.63779,1.06238,-1.47955,-1.13788,Used in Last Week,1,5
125,1491,25-34,F,9,UK,White,1.37297,-0.69509,-0.58331,-1.47955,1.13407,Used in Last Week,1,5
127,1529,18-24,F,7,UK,White,-1.86962,1.93886,0.58331,-1.47955,0.12331,Used in Last Day,1,6
132,1810,18-24,F,3,USA,White,1.23461,1.11406,1.06238,-1.47955,0.12331,Used in Last Month,1,4
133,1830,25-34,F,7,USA,Other,0.82562,-1.6334,-0.31776,-1.47955,-1.13788,Used in Last Decade,1,2
138,287,45-54,F,7,UK,White,0.22393,-1.37639,-0.17779,-1.34289,-0.14277,Used in Last Week,1,5
139,336,65+,F,2,Canada,White,-0.14882,-0.15487,-1.42424,-1.34289,-0.00665,Used in Last Month,1,4
140,373,35-44,F,7,UK,White,1.02119,2.32338,1.65653,-1.34289,0.41594,Used in Last Week,1,5
143,400,25-34,F,8,UK,White,-0.79151,0.32197,0.29338,-1.34289,0.93949,Used in Last Day,1,6
149,664,25-34,F,9,UK,White,1.23461,-1.23177,-0.31776,-1.34289,-1.38502,Used in Last Day,1,6
159,1240,18-24,F,7,UK,White,-0.05188,0.16767,0.44585,-1.34289,0.41594,Used in Last Day,1,6
160,1257,35-44,F,7,UK,White,-1.05308,-0.57545,-0.01928,-1.34289,0.58489,Used in Last Week,1,5
161,1299,35-44,F,7,USA,White,-2.05048,0.47617,0.58331,-1.34289,-0.52745,Used in Last Day,1,6
162,1318,25-34,F,7,UK,White,0.04257,0.80523,-1.68062,-1.34289,0.58489,Used in Last Week,1,5
167,1661,35-44,F,6,UK,White,1.60383,0.16767,2.15324,-1.34289,-1.38502,Used in Last Year,1,3
168,1761,45-54,F,6,UK,White,-0.58016,0.32197,0.14143,-1.34289,0.93949,Used in Last Week,1,5
170,1781,18-24,F,7,USA,White,1.37297,-0.69509,-2.09015,-1.34289,-1.0145,Used in Last Week,1,5
174,113,25-34,F,7,UK,White,-1.1943,0.32197,0.88309,-1.21213,-0.78155,Used in Last Year,1,3
176,177,35-44,F,7,UK,Other,-0.14882,-0.57545,-0.84732,-1.21213,-0.52745,Used in Last Year,1,3
177,479,35-44,F,6,UK,White,1.49158,-0.69509,-0.71727,-1.21213,-1.25773,Used in Last Day,1,6
183,680,18-24,F,5,UK,White,0.62967,-0.30033,-0.58331,-1.21213,1.46191,Used in Last Week,1,5
184,685,35-44,F,6,UK,White,0.91093,-0.69509,1.24033,-1.21213,-1.5184,Used in Last Month,1,4
195,1154,55-64,F,8,USA,Other,0.31287,-0.69509,-0.71727,-1.21213,-0.27607,Used in Last Year,1,3
197,1260,45-54,F,8,UK,White,-0.34799,-0.80615,-0.45174,-1.21213,-0.14277,Used in Last Year,1,3
198,1284,18-24,F,5,USA,White,0.82562,-2.03972,0.44585,-1.21213,-1.92173,Used in Last Month,1,4
200,1350,18-24,F,5,UK,White,-1.05308,2.57309,0.29338,-1.21213,-1.25773,Used in Last Week,1,5
202,1371,25-34,F,6,USA,White,2.46262,0.16767,0.14143,-1.21213,-1.5184,Used in Last Month,1,4
208,1774,25-34,F,8,USA,White,0.91093,0.63779,-0.45174,-1.21213,-0.78155,Used in Last Day,1,6
213,121,25-34,F,8,UK,White,-1.05308,0.63779,-0.97631,-1.07533,0.7583,Used in Last Day,1,6
215,321,45-54,F,7,UK,White,0.73545,-0.30033,-0.58331,-1.07533,-0.14277,Used in Last Week,1,5
217,489,35-44,F,4,USA,White,1.8399,-1.7625,1.24033,-1.07533,0.25953,Used in Last Month,1,4
218,553,35-44,F,8,UK,White,-0.79151,1.2861,0.14143,-1.07533,1.13407,Used in Last Month,1,4
219,563,35-44,F,7,UK,White,0.62967,0.63779,0.44585,-1.07533,0.7583,Used in Last Week,1,5
222,636,35-44,F,9,UK,White,1.23461,0.16767,-0.01928,-1.07533,-0.65253,Used in Last Day,1,6
224,809,18-24,F,5,USA,White,1.02119,0.80523,1.06238,-1.07533,-0.52745,Used in Last Day,1,6
226,845,25-34,F,5,USA,White,0.52135,-0.43999,0.14143,-1.07533,-0.27607,Used in Last Day,1,6
229,896,25-34,F,3,UK,White,3.27393,-2.11437,-0.84732,-1.07533,-2.30408,Used in Last Day,1,6
230,906,35-44,F,7,USA,White,1.02119,-0.30033,1.06238,-1.07533,0.41594,Used in Last Day,1,6
235,1031,18-24,F,7,UK,White,0.52135,-0.94779,-0.84732,-1.07533,-0.40581,Used in Last Week,1,5
238,1142,25-34,F,7,Australia,White,1.60383,-1.6334,0.7233,-1.07533,-1.5184,Used in Last Month,1,4
244,1243,25-34,F,7,UK,White,-1.32828,0.80523,-1.27553,-1.07533,-0.14277,Used in Last Year,1,3
245,1253,35-44,F,3,UK,White,0.31287,-1.6334,-1.97495,-1.07533,-1.38502,Used in Last Week,1,5
246,1289,18-24,F,5,USA,White,-0.05188,0.96248,-0.01928,-1.07533,-0.40581,Used in Last Month,1,4
250,1451,25-34,F,8,UK,White,-1.05308,1.11406,0.88309,-1.07533,1.46191,Used in Last Week,1,5
254,1631,35-44,F,7,UK,White,-0.14882,0.47617,0.88309,-1.07533,-1.0145,Used in Last Day,1,6
255,1637,45-54,F,6,UK,White,0.04257,0.63779,-1.68062,-1.07533,-0.00665,Used in Last Month,1,4
257,1713,35-44,F,8,UK,White,-0.79151,0.63779,-0.84732,-1.07533,0.25953,Used in Last Week,1,5
258,1752,25-34,F,7,USA,White,1.98437,0.63779,1.43533,-1.07533,-0.65253,Used in Last Week,1,5
259,1784,25-34,F,5,UK,Mixed-White/Black,1.23461,-0.80615,-0.84732,-1.07533,-0.89891,Used in Last Week,1,5
263,1831,25-34,F,7,Australia,White,0.13606,-2.32338,0.29338,-1.07533,-0.89891,Used in Last Day,1,6
265,1867,18-24,F,5,USA,White,0.62967,0.63779,2.90161,-1.07533,0.93949,Used in Last Week,1,5
267,50,25-34,F,8,UK,Mixed-White/Black,0.82562,-0.57545,-1.97495,-0.91699,0.25953,Used in Last Day,1,6
270,82,55-64,F,7,UK,White,-0.79151,-1.23177,-0.01928,-0.91699,-0.14277,Used in Last Week,1,5
271,110,45-54,F,5,UK,White,-0.79151,0.47617,-1.42424,-0.91699,-0.52745,Used in Last Week,1,5
272,149,35-44,F,6,UK,White,-0.05188,-1.09207,-2.63199,-0.91699,0.25953,Used in Last Month,1,4
273,178,35-44,F,7,UK,White,1.49158,0.00332,-1.27553,-0.91699,1.13407,Used in Last Week,1,5
274,198,55-64,F,7,UK,White,-0.34799,0.47617,-0.71727,-0.91699,-0.52745,Used in Last Week,1,5
276,206,35-44,F,2,UK,White,-0.14882,1.11406,0.29338,-0.91699,-1.0145,Used in Last Week,1,5
277,235,25-34,F,7,UK,White,0.41667,0.96248,-0.01928,-0.91699,1.63088,Used in Last Month,1,4
279,261,45-54,F,6,UK,White,-0.46725,0.96248,2.15324,-0.91699,-0.00665,Used in Last Week,1,5
281,325,25-34,F,9,UK,White,0.22393,0.00332,1.43533,-0.91699,0.93949,Used in Last Week,1,5
286,446,45-54,F,7,UK,White,1.02119,-0.94779,-0.58331,-0.91699,0.41594,Used in Last Week,1,5
287,542,45-54,F,7,UK,White,-1.05308,0.32197,-0.17779,-0.91699,0.12331,Used in Last Week,1,5
289,571,35-44,F,9,UK,White,-0.34799,0.80523,-0.17779,-0.91699,2.63199,Used in Last Day,1,6
290,590,55-64,F,5,USA,White,-1.32828,-0.15487,0.29338,-0.91699,0.41594,Used in Last Decade,1,2
291,616,25-34,F,1,USA,White,-0.24649,0.63779,-0.71727,-0.91699,0.25953,Used in Last Year,1,3
293,627,35-44,F,6,UK,White,-0.34799,-0.57545,-0.58331,-0.91699,0.25953,Used in Last Day,1,6
294,634,18-24,F,7,UK,White,1.23461,-0.43999,-1.27553,-0.91699,0.7583,Used in Last Week,1,5
297,744,35-44,F,7,UK,White,0.62967,0.16767,-0.71727,-0.91699,-0.89891,Used in Last Week,1,5
302,884,25-34,F,5,USA,White,-1.1943,1.45421,1.24033,-0.91699,-0.14277,Used in Last Decade,1,2
303,901,18-24,F,5,USA,White,1.8399,-0.94779,-0.97631,-0.91699,-1.0145,Used in Last Day,1,6
304,912,25-34,F,5,USA,Other,1.37297,0.47617,1.06238,-0.91699,-1.78169,Used in Last Day,1,6
308,1079,25-34,F,7,USA,White,1.8399,-1.92173,1.88511,-0.91699,0.25953,Used in Last Year,1,3
309,1101,18-24,F,5,USA,White,0.04257,-0.43999,-0.01928,-0.91699,-0.65253,Used in Last Month,1,4
310,1106,18-24,F,4,USA,White,-1.05308,0.32197,1.88511,-0.91699,-1.78169,Used in Last Week,1,5
316,1216,35-44,F,6,UK,White,0.73545,0.47617,-1.42424,-0.91699,0.12331,Used in Last Day,1,6
318,1258,25-34,F,8,UK,White,1.49158,-1.23177,-0.71727,-0.91699,-0.00665,Used in Last Day,1,6
319,1278,25-34,F,5,USA,Mixed-White/Asian,-0.05188,1.45421,2.15324,-0.91699,-0.52745,Used in Last Week,1,5
320,1297,18-24,F,5,USA,White,-0.34799,0.47617,-0.17779,-0.91699,1.30612,Used in Last Day,1,6
321,1333,18-24,F,6,Canada,White,1.8399,-1.37639,-1.82919,-0.91699,2.33337,Used in Last Month,1,4
326,1466,25-34,F,5,USA,Mixed-Black/Asian,0.73545,-0.57545,-0.31776,-0.91699,-0.14277,Used in Last Year,1,3
330,1552,55-64,F,6,UK,White,0.41667,-1.50796,-1.82919,-0.91699,-0.40581,Used in Last Year,1,3
331,1561,25-34,F,8,UK,Asian,0.73545,0.16767,-0.71727,-0.91699,1.13407,Used in Last Month,1,4
332,1568,45-54,F,6,UK,White,2.46262,-2.5383,-0.31776,-0.91699,-0.78155,Used in Last Month,1,4
333,1582,45-54,F,6,UK,White,0.62967,-1.50796,-2.39883,-0.91699,0.12331,Used in Last Week,1,5
335,1606,25-34,F,7,UK,Asian,-0.24649,2.127,-2.21069,-0.91699,-0.14277,Never Used,1,1
339,1711,35-44,F,4,UK,White,-0.79151,-0.80615,0.7233,-0.91699,0.25953,Used in Last Month,1,4
341,1848,18-24,F,7,USA,White,1.60383,-0.94779,1.24033,-0.91699,-1.38502,Used in Last Day,1,6
344,11,25-34,F,7,UK,White,-1.05308,0.80523,-1.11902,-0.76096,1.81175,Used in Last Week,1,5
345,27,55-64,F,4,Canada,White,-0.05188,-1.6334,-3.27393,-0.76096,0.58489,Used in Last Day,1,6
346,40,65+,F,6,UK,White,-0.24649,-0.94779,-1.11902,-0.76096,0.41594,Used in Last Day,1,6
348,89,35-44,F,5,UK,White,0.31287,-1.92173,-1.42424,-0.76096,-0.52745,Used in Last Year,1,3
350,108,35-44,F,2,UK,White,0.13606,0.00332,-1.27553,-0.76096,0.58489,Used in Last Week,1,5
352,184,18-24,F,7,UK,White,1.98437,-0.43999,0.29338,-0.76096,0.93949,Used in Last Day,1,6
353,222,25-34,F,7,UK,White,-0.14882,0.47617,-0.45174,-0.76096,0.93949,Used in Last Year,1,3
355,270,35-44,F,8,UK,Black,-0.92104,0.16767,-0.84732,-0.76096,0.12331,Used in Last Month,1,4
356,292,35-44,F,5,UK,White,0.62967,-1.09207,0.44585,-0.76096,-0.40581,Used in Last Week,1,5
357,295,25-34,F,6,UK,White,1.13281,0.00332,-0.17779,-0.76096,-0.40581,Used in Last Year,1,3
358,304,55-64,F,6,UK,White,-0.14882,0.63779,-0.01928,-0.76096,-0.40581,Used in Last Day,1,6
365,456,18-24,F,7,UK,White,0.82562,-0.80615,0.7233,-0.76096,-2.57309,Used in Last Day,1,6
366,475,35-44,F,5,USA,White,1.37297,0.00332,-0.45174,-0.76096,-0.52745,Used in Last Decade,1,2
367,502,35-44,F,6,Republic of Ireland,White,0.04257,0.47617,-0.84732,-0.76096,1.13407,Used in Last Year,1,3
368,505,55-64,F,6,Canada,White,0.04257,-0.30033,-0.31776,-0.76096,0.58489,Used over a Decade Ago,1,Used over a Decade Ago
370,522,35-44,F,7,UK,White,0.22393,-0.30033,-0.97631,-0.76096,0.93949,Used in Last Week,1,5
372,545,25-34,F,7,UK,White,0.82562,0.63779,-0.97631,-0.76096,0.25953,Used in Last Day,1,6
373,546,18-24,F,2,UK,White,1.23461,-0.57545,-0.71727,-0.76096,-1.0145,Used in Last Week,1,5
374,598,55-64,F,6,Canada,White,-0.34799,-0.43999,-0.31776,-0.76096,0.58489,Used over a Decade Ago,1,Used over a Decade Ago
380,835,45-54,F,9,USA,White,0.04257,0.16767,-0.01928,-0.76096,-0.78155,Used in Last Day,1,6
381,875,18-24,F,5,UK,White,1.49158,-1.7625,0.14143,-0.76096,-2.42317,Used in Last Month,1,4
394,1220,25-34,F,8,USA,White,0.31287,1.2861,-0.17779,-0.76096,-1.0145,Used in Last Week,1,5
395,1294,25-34,F,8,USA,White,0.73545,2.127,1.24033,-0.76096,1.46191,Used in Last Day,1,6
396,1295,18-24,F,5,USA,White,1.8399,-2.21069,0.7233,-0.76096,-1.0145,Used in Last Week,1,5
398,1338,18-24,F,7,UK,Black,0.13606,0.00332,-0.45174,-0.76096,0.7583,Used in Last Day,1,6
400,1414,25-34,F,7,UK,White,1.02119,-0.69509,-0.31776,-0.76096,0.7583,Used in Last Week,1,5
402,1508,18-24,F,2,UK,White,2.82196,-2.44904,1.06238,-0.76096,-2.18109,Used in Last Month,1,4
404,1560,18-24,F,7,UK,Mixed-White/Black,-0.92104,-0.15487,-0.84732,-0.76096,1.30612,Used in Last Week,1,5
405,1565,35-44,F,7,UK,White,-0.05188,1.74091,-2.8595,-0.76096,2.63199,Used in Last Day,1,6
412,1727,25-34,F,8,UK,White,0.13606,0.32197,0.58331,-0.76096,-0.52745,Used in Last Week,1,5
414,1797,35-44,F,2,UK,White,0.73545,-0.57545,-2.09015,-0.76096,-1.92173,Used in Last Decade,1,2
417,1871,18-24,F,5,USA,White,1.13281,-0.43999,0.29338,-0.76096,-0.14277,Used in Last Day,1,6
420,15,55-64,F,6,UK,White,-0.92104,1.45421,0.44585,-0.60633,1.63088,Used in Last Day,1,6
423,90,35-44,F,8,UK,White,0.91093,-0.57545,0.29338,-0.60633,-0.27607,Used in Last Week,1,5
424,98,45-54,F,8,UK,White,-0.46725,0.63779,-0.31776,-0.60633,-1.13788,Used in Last Week,1,5
427,153,25-34,F,7,UK,White,-0.46725,-1.50796,-0.71727,-0.60633,-0.65253,Used in Last Week,1,5
429,239,18-24,F,4,UK,White,0.52135,-0.15487,-0.71727,-0.60633,0.25953,Used in Last Month,1,4
430,293,45-54,F,6,UK,White,-0.05188,-0.15487,-0.58331,-0.60633,0.41594,Used in Last Year,1,3
431,296,18-24,F,3,UK,White,-0.34799,0.47617,-0.17779,-0.60633,-0.14277,Used in Last Week,1,5
434,395,25-34,F,6,UK,White,-0.79151,-0.15487,-2.21069,-0.60633,1.46191,Used in Last Day,1,6
438,575,55-64,F,5,USA,White,-0.92104,0.96248,0.44585,-0.60633,-0.40581,Used in Last Week,1,5
441,618,45-54,F,5,USA,White,1.02119,0.16767,-0.17779,-0.60633,-1.0145,Used in Last Decade,1,2
445,675,18-24,F,8,UK,Asian,0.82562,-0.69509,-0.58331,-0.60633,-1.0145,Used in Last Year,1,3
453,730,25-34,F,2,Australia,White,-0.58016,0.32197,0.14143,-0.60633,0.12331,Used in Last Day,1,6
461,867,18-24,F,5,USA,White,-0.14882,1.11406,-0.58331,-0.60633,-0.78155,Used in Last Week,1,5
464,904,25-34,F,8,USA,White,0.22393,-0.69509,0.29338,-0.60633,-1.13788,Used in Last Day,1,6
465,940,18-24,F,7,UK,White,0.31287,0.32197,-0.01928,-0.60633,0.7583,Used in Last Week,1,5
466,972,35-44,F,7,Canada,White,0.22393,0.00332,-0.17779,-0.60633,-0.52745,Used in Last Week,1,5
467,981,25-34,F,9,USA,Asian,0.62967,0.16767,0.7233,-0.60633,-0.27607,Used in Last Month,1,4
470,1035,18-24,F,5,UK,White,1.23461,-0.57545,0.44585,-0.60633,-1.0145,Used in Last Day,1,6
473,1096,25-34,F,7,Australia,White,-1.43907,1.74091,-0.84732,-0.60633,0.58489,Used in Last Day,1,6
475,1158,18-24,F,5,UK,White,0.22393,-0.15487,-0.31776,-0.60633,0.41594,Used in Last Year,1,3
480,1259,25-34,F,9,UK,White,-0.92104,0.80523,-0.58331,-0.60633,-0.00665,Used in Last Year,1,3
487,1387,45-54,F,5,UK,White,-0.05188,-0.94779,1.06238,-0.60633,-0.27607,Used in Last Day,1,6
488,1388,25-34,F,9,USA,White,0.52135,0.32197,1.65653,-0.60633,-0.65253,Never Used,1,1
489,1389,35-44,F,6,UK,White,0.62967,0.47617,0.44585,-0.60633,-0.89891,Used in Last Week,1,5
491,1401,25-34,F,8,UK,White,1.02119,0.96248,-0.97631,-0.60633,-0.14277,Used in Last Week,1,5
494,1448,25-34,F,8,UK,White,0.04257,0.63779,-1.11902,-0.60633,1.81175,Used in Last Month,1,4
500,1536,35-44,F,5,Republic of Ireland,White,0.31287,0.00332,-0.84732,-0.60633,-0.52745,Used in Last Week,1,5
502,1553,45-54,F,5,UK,White,-0.14882,-0.94779,-1.27553,-0.60633,0.41594,Used in Last Day,1,6
503,1563,45-54,F,1,UK,White,0.22393,-0.30033,-1.27553,-0.60633,-0.27607,Used over a Decade Ago,1,Used over a Decade Ago
504,1588,35-44,F,6,UK,White,-0.34799,0.80523,-1.68062,-0.60633,0.41594,Used in Last Week,1,5
507,1657,18-24,F,7,UK,White,1.72012,-1.23177,-0.71727,-0.60633,0.12331,Used in Last Month,1,4
514,1819,25-34,F,7,USA,White,0.13606,0.63779,0.58331,-0.60633,-0.14277,Used in Last Week,1,5
516,1869,18-24,F,6,USA,White,0.04257,0.00332,2.44904,-0.60633,-2.18109,Used in Last Week,1,5
519,56,55-64,F,6,UK,White,0.04257,-0.69509,-1.11902,-0.45321,-0.40581,Used in Last Year,1,3
524,155,18-24,F,5,UK,White,2.82196,-1.37639,0.7233,-0.45321,0.58489,Used in Last Week,1,5
527,168,25-34,F,6,UK,Black,0.04257,0.00332,-0.97631,-0.45321,0.93949,Used in Last Decade,1,2
528,173,45-54,F,6,UK,White,0.52135,-0.57545,-0.45174,-0.45321,0.7583,Used in Last Week,1,5
530,226,35-44,F,7,UK,White,-1.32828,0.63779,0.88309,-0.45321,0.25953,Used in Last Day,1,6
531,232,65+,F,8,UK,White,0.13606,-1.09207,-0.45174,-0.45321,0.25953,Used in Last Day,1,6
534,317,55-64,F,7,UK,White,-0.46725,0.80523,1.06238,-0.45321,-0.78155,Used in Last Week,1,5
538,420,25-34,F,9,UK,White,0.31287,0.00332,1.06238,-0.45321,0.41594,Used in Last Day,1,6
539,466,18-24,F,8,UK,White,1.37297,-1.09207,-0.01928,-0.45321,-0.40581,Used in Last Week,1,5
541,519,25-34,F,8,UK,White,0.31287,-0.15487,0.29338,-0.45321,0.93949,Used in Last Decade,1,2
542,523,45-54,F,2,Australia,White,0.62967,-0.30033,-0.84732,-0.45321,0.12331,Used in Last Year,1,3
543,549,25-34,F,8,UK,White,-1.86962,-0.69509,-0.97631,-0.45321,2.04506,Used in Last Week,1,5
548,707,18-24,F,7,UK,White,-0.14882,-0.94779,-1.42424,-0.45321,0.25953,Used in Last Month,1,4
557,882,18-24,F,1,USA,White,0.62967,-0.15487,0.88309,-0.45321,-1.38502,Used in Last Week,1,5
560,951,18-24,F,7,USA,White,0.62967,0.00332,0.44585,-0.45321,-0.65253,Used in Last Day,1,6
563,1021,35-44,F,5,USA,White,0.91093,-1.37639,-1.42424,-0.45321,-0.78155,Used in Last Year,1,3
564,1023,18-24,F,5,UK,White,2.127,-2.72827,-1.11902,-0.45321,-2.42317,Used in Last Week,1,5
568,1085,18-24,F,8,UK,White,0.62967,1.11406,-0.84732,-0.45321,-1.25773,Used in Last Day,1,6
569,1190,55-64,F,9,USA,White,-0.34799,0.47617,0.44585,-0.45321,-0.00665,Used in Last Day,1,6
573,1231,18-24,F,4,USA,White,0.13606,0.16767,1.06238,-0.45321,-0.14277,Used in Last Day,1,6
576,1251,35-44,F,8,UK,White,-0.92104,-0.15487,0.44585,-0.45321,1.13407,Used in Last Day,1,6
577,1252,45-54,F,9,UK,Mixed-White/Asian,0.73545,-0.15487,1.24033,-0.45321,0.7583,Used in Last Day,1,6
578,1255,25-34,F,7,UK,Other,0.04257,-0.80615,-0.31776,-0.45321,-0.65253,Used in Last Year,1,3
579,1288,35-44,F,7,USA,White,-0.58016,0.47617,2.15324,-0.45321,-0.14277,Used in Last Day,1,6
580,1313,35-44,F,8,USA,White,-1.05308,1.93886,0.88309,-0.45321,1.81175,Used in Last Day,1,6
584,1381,25-34,F,7,UK,White,-1.1943,0.80523,-0.97631,-0.45321,0.58489,Used in Last Week,1,5
586,1400,25-34,F,7,UK,White,0.82562,-0.80615,-0.58331,-0.45321,-0.27607,Used in Last Week,1,5
588,1433,45-54,F,9,UK,White,-1.05308,-1.23177,-0.71727,-0.45321,0.58489,Used in Last Day,1,6
590,1492,18-24,F,8,UK,White,-0.05188,1.11406,-1.42424,-0.45321,-0.78155,Used in Last Week,1,5
592,1499,45-54,F,1,USA,White,0.62967,-0.15487,-0.45174,-0.45321,-1.0145,Used in Last Week,1,5
595,1539,18-24,F,5,USA,Other,0.04257,1.74091,-0.58331,-0.45321,2.33337,Used in Last Month,1,4
596,1577,35-44,F,5,UK,White,-0.24649,0.16767,-1.82919,-0.45321,0.41594,Used in Last Month,1,4
597,1579,45-54,F,7,UK,White,-1.05308,-0.15487,-1.11902,-0.45321,0.58489,Used in Last Year,1,3
601,1756,18-24,F,4,USA,White,1.02119,1.45421,2.44904,-0.45321,1.13407,Used in Last Week,1,5
602,1815,35-44,F,7,Canada,White,0.91093,-0.69509,2.44904,-0.45321,1.46191,Used in Last Decade,1,2
606,1864,55-64,F,7,Canada,White,-1.69163,-1.09207,1.06238,-0.45321,-0.65253,Used in Last Week,1,5
607,5,35-44,F,9,UK,White,0.73545,-1.6334,-0.45174,-0.30172,1.30612,Used in Last Month,1,4
611,61,25-34,F,9,UK,White,1.37297,0.32197,0.29338,-0.30172,-0.27607,Used in Last Week,1,5
614,104,45-54,F,6,Canada,White,0.04257,0.63779,-0.31776,-0.30172,0.12331,Used in Last Month,1,4
617,159,35-44,F,7,Australia,White,-0.24649,0.16767,-0.31776,-0.30172,0.41594,Used in Last Year,1,3
618,169,25-34,F,7,UK,White,0.22393,1.2861,-1.27553,-0.30172,-1.13788,Used in Last Week,1,5
619,196,55-64,F,7,UK,White,0.62967,0.32197,0.7233,-0.30172,0.93949,Used in Last Week,1,5
620,209,35-44,F,7,UK,White,0.13606,0.00332,-0.17779,-0.30172,-0.00665,Used in Last Month,1,4
625,312,18-24,F,2,UK,White,1.13281,-0.57545,-1.97495,-0.30172,-0.14277,Used in Last Year,1,3
626,398,35-44,F,7,UK,White,-1.86962,0.63779,-0.97631,-0.30172,0.58489,Used in Last Day,1,6
633,493,45-54,F,6,UK,White,0.62967,0.80523,0.44585,-0.30172,-0.78155,Used in Last Week,1,5
635,564,35-44,F,8,UK,Other,2.61139,0.47617,-1.55521,-0.30172,1.46191,Used in Last Day,1,6
638,584,35-44,F,6,UK,White,0.31287,1.2861,1.65653,-0.30172,0.93949,Used in Last Day,1,6
640,625,45-54,F,8,UK,White,-0.34799,0.00332,-0.45174,-0.30172,-1.38502,Used in Last Day,1,6
644,687,18-24,F,5,Canada,White,1.60383,0.96248,1.43533,-0.30172,-0.89891,Used in Last Week,1,5
645,693,45-54,F,8,UK,White,0.22393,-0.69509,-0.31776,-0.30172,-0.52745,Used in Last Day,1,6
646,703,35-44,F,7,UK,White,-0.34799,0.63779,0.58331,-0.30172,-0.00665,Used in Last Year,1,3
649,769,18-24,F,6,USA,Other,-0.34799,0.63779,0.14143,-0.30172,0.7583,Used in Last Month,1,4
650,774,45-54,F,6,Canada,White,1.02119,-1.23177,-0.31776,-0.30172,-0.52745,Used over a Decade Ago,1,Used over a Decade Ago
652,799,25-34,F,5,USA,White,0.13606,1.11406,0.7233,-0.30172,0.7583,Used in Last Day,1,6
653,820,25-34,F,8,UK,White,1.60383,-0.80615,-0.01928,-0.30172,-1.13788,Used in Last Week,1,5
654,836,25-34,F,8,USA,White,0.82562,-0.69509,-0.01928,-0.30172,0.58489,Used in Last Week,1,5
660,949,25-34,F,4,Canada,White,0.41667,0.00332,-2.39883,-0.30172,0.7583,Used in Last Decade,1,2
662,954,25-34,F,7,UK,White,1.02119,-0.94779,-0.01928,-0.30172,-1.64101,Used in Last Week,1,5
663,1010,18-24,F,4,UK,White,1.23461,0.96248,0.44585,-0.30172,-0.27607,Used in Last Week,1,5
664,1027,18-24,F,7,USA,White,-1.1943,-0.94779,-0.71727,-0.30172,-0.40581,Used in Last Week,1,5
666,1055,18-24,F,5,USA,White,0.41667,-0.57545,0.44585,-0.30172,-0.40581,Used in Last Week,1,5
668,1075,35-44,F,9,UK,White,-0.67825,0.32197,-0.01928,-0.30172,1.46191,Used in Last Week,1,5
669,1090,18-24,F,8,UK,White,0.52135,0.47617,-0.01928,-0.30172,0.25953,Used in Last Day,1,6
670,1104,18-24,F,7,USA,White,0.31287,-0.15487,-0.58331,-0.30172,1.30612,Used in Last Week,1,5
672,1153,35-44,F,7,USA,White,1.72012,-1.7625,-0.58331,-0.30172,-1.25773,Used over a Decade Ago,1,Used over a Decade Ago
677,1266,35-44,F,2,UK,White,-0.79151,0.00332,-1.11902,-0.30172,0.25953,Used in Last Week,1,5
678,1275,35-44,F,8,UK,White,-1.05308,0.16767,0.44585,-0.30172,0.58489,Used in Last Week,1,5
684,1412,25-34,F,7,USA,White,0.41667,-0.30033,1.43533,-0.30172,1.46191,Used in Last Week,1,5
689,1587,35-44,F,7,UK,White,0.04257,-0.15487,0.88309,-0.30172,0.58489,Used in Last Week,1,5
690,1603,55-64,F,8,UK,White,0.31287,0.47617,1.06238,-0.30172,-0.78155,Used in Last Day,1,6
693,1634,45-54,F,6,UK,Black,-0.34799,0.32197,-0.84732,-0.30172,0.41594,Used in Last Week,1,5
694,1643,25-34,F,8,UK,White,-1.69163,0.47617,-1.42424,-0.30172,1.13407,Used in Last Month,1,4
695,1650,25-34,F,7,UK,White,-0.14882,-0.30033,-0.84732,-0.30172,1.46191,Used in Last Year,1,3
699,1744,35-44,F,8,UK,White,-0.58016,0.47617,-0.58331,-0.30172,0.93949,Used in Last Week,1,5
701,1762,35-44,F,6,UK,White,-0.24649,-0.57545,-0.17779,-0.30172,0.7583,Used in Last Week,1,5
702,1766,25-34,F,5,USA,White,0.52135,1.93886,1.43533,-0.30172,0.93949,Used in Last Month,1,4
703,1778,45-54,F,2,UK,White,1.02119,-0.69509,-1.68062,-0.30172,-0.89891,Used over a Decade Ago,1,Used over a Decade Ago
704,1824,18-24,F,5,USA,White,1.23461,-1.23177,1.06238,-0.30172,-2.30408,Used in Last Month,1,4
706,1834,35-44,F,7,USA,White,-0.34799,-1.09207,0.29338,-0.30172,1.30612,Used in Last Day,1,6
708,1854,25-34,F,8,UK,White,-0.14882,-0.15487,-0.45174,-0.30172,0.93949,Used in Last Week,1,5
714,81,65+,F,9,Canada,White,0.04257,0.32197,0.44585,-0.15487,1.46191,Used in Last Day,1,6
715,97,35-44,F,7,Canada,White,0.13606,-1.09207,0.29338,-0.15487,0.7583,Used in Last Month,1,4
716,102,45-54,F,2,Australia,White,-0.58016,0.47617,-1.68062,-0.15487,0.93949,Used in Last Month,1,4
717,133,35-44,F,4,Republic of Ireland,White,-0.24649,-0.57545,-0.58331,-0.15487,0.25953,Used in Last Month,1,4
719,252,35-44,F,7,UK,White,0.62967,-0.94779,-0.71727,-0.15487,0.7583,Used in Last Month,1,4
720,282,45-54,F,5,UK,White,0.04257,-0.30033,-2.21069,-0.15487,-0.14277,Used in Last Week,1,5
721,298,65+,F,2,UK,White,0.82562,-0.80615,0.14143,-0.15487,1.13407,Never Used,1,1
722,305,45-54,F,7,UK,White,-0.34799,0.00332,-1.27553,-0.15487,0.93949,Used in Last Day,1,6
723,320,45-54,F,2,UK,Other,0.31287,-0.30033,-1.27553,-0.15487,0.58489,Used in Last Month,1,4
724,344,55-64,F,6,UK,White,0.62967,0.00332,-0.01928,-0.15487,0.58489,Used over a Decade Ago,1,Used over a Decade Ago
725,345,18-24,F,1,UK,White,0.22393,-0.15487,-0.01928,-0.15487,-0.40581,Used in Last Week,1,5
727,368,35-44,F,7,UK,Asian,-1.05308,0.47617,-0.17779,-0.15487,0.58489,Never Used,1,1
730,416,35-44,F,5,UK,White,-1.86962,0.32197,-1.11902,-0.15487,-0.65253,Used in Last Day,1,6
732,440,18-24,F,5,USA,White,1.37297,-0.30033,0.29338,-0.15487,-1.78169,Used in Last Month,1,4
733,443,25-34,F,8,UK,White,-0.92104,0.00332,0.29338,-0.15487,-0.00665,Used in Last Week,1,5
734,452,18-24,F,8,UK,White,-1.1943,0.80523,-0.84732,-0.15487,0.7583,Used in Last Week,1,5
735,472,18-24,F,7,UK,White,0.13606,0.80523,0.29338,-0.15487,0.7583,Used in Last Month,1,4
736,476,55-64,F,7,UK,Mixed-White/Asian,-0.24649,0.96248,0.14143,-0.15487,0.41594,Used in Last Day,1,6
737,483,35-44,F,7,Australia,White,1.02119,0.16767,0.29338,-0.15487,0.58489,Used in Last Day,1,6
738,501,55-64,F,5,UK,White,1.37297,-0.69509,1.43533,-0.15487,-1.92173,Used in Last Week,1,5
739,513,45-54,F,8,UK,White,0.41667,0.47617,-0.17779,-0.15487,0.25953,Used in Last Week,1,5
740,558,18-24,F,7,UK,White,-0.14882,-0.30033,0.29338,-0.15487,0.25953,Used in Last Day,1,6
741,640,18-24,F,7,UK,White,-0.24649,-0.57545,-1.42424,-0.15487,1.63088,Used in Last Week,1,5
742,647,18-24,F,7,UK,White,-0.46725,-0.15487,-0.31776,-0.15487,0.7583,Used in Last Week,1,5
743,662,18-24,F,7,UK,White,-0.24649,-1.09207,-0.71727,-0.15487,1.46191,Used in Last Day,1,6
746,684,35-44,F,7,UK,White,0.52135,-0.15487,-0.45174,-0.15487,-0.65253,Used in Last Year,1,3
750,733,18-24,F,7,UK,White,1.23461,0.63779,0.7233,-0.15487,-0.00665,Used in Last Day,1,6
752,822,18-24,F,7,USA,White,-0.34799,0.32197,-0.17779,-0.15487,0.12331,Used in Last Week,1,5
755,856,18-24,F,5,USA,White,-0.34799,0.16767,-0.01928,-0.15487,-1.0145,Used in Last Week,1,5
759,980,45-54,F,5,USA,White,1.23461,-1.09207,-0.45174,-0.15487,0.7583,Used in Last Day,1,6
760,999,25-34,F,9,USA,White,-1.05308,0.80523,-0.31776,-0.15487,0.93949,Used in Last Year,1,3
762,1037,18-24,F,5,USA,White,0.52135,0.80523,0.88309,-0.15487,-0.27607,Used in Last Day,1,6
763,1042,35-44,F,8,UK,White,0.62967,-0.15487,-1.97495,-0.15487,-1.0145,Used in Last Day,1,6
764,1063,18-24,F,7,USA,Mixed-Black/Asian,1.23461,1.93886,1.65653,-0.15487,-0.52745,Used in Last Week,1,5
765,1087,18-24,F,8,UK,White,-0.24649,0.47617,0.88309,-0.15487,1.81175,Used in Last Day,1,6
770,1214,18-24,F,5,Canada,White,0.91093,0.16767,0.58331,-0.15487,-2.04506,Used in Last Month,1,4
772,1228,25-34,F,7,USA,White,0.52135,0.63779,1.24033,-0.15487,-1.38502,Used in Last Week,1,5
773,1242,35-44,F,7,UK,White,1.02119,-1.37639,-0.45174,-0.15487,-0.89891,Used in Last Day,1,6
778,1352,18-24,F,7,UK,White,0.41667,-0.57545,-0.97631,-0.15487,1.46191,Used in Last Week,1,5
783,1467,18-24,F,7,USA,White,-0.58016,0.32197,0.7233,-0.15487,0.58489,Used in Last Week,1,5
787,1571,25-34,F,8,UK,White,-1.05308,1.2861,-0.45174,-0.15487,-0.00665,Used in Last Week,1,5
788,1586,25-34,F,7,UK,White,0.13606,1.11406,0.14143,-0.15487,0.58489,Used in Last Day,1,6
789,1595,25-34,F,7,UK,White,-0.24649,1.11406,-0.45174,-0.15487,0.41594,Used in Last Week,1,5
790,1601,25-34,F,6,UK,White,-0.67825,0.96248,-1.11902,-0.15487,0.58489,Used in Last Week,1,5
791,1608,35-44,F,8,UK,White,-0.79151,0.32197,-0.01928,-0.15487,1.13407,Used in Last Week,1,5
792,1628,25-34,F,8,UK,White,-1.86962,1.2861,-1.27553,-0.15487,1.46191,Used in Last Month,1,4
793,1640,45-54,F,6,UK,White,-0.05188,0.16767,-0.97631,-0.15487,-0.27607,Used in Last Day,1,6
795,1699,45-54,F,7,UK,White,0.62967,-0.57545,0.7233,-0.15487,0.41594,Used in Last Month,1,4
796,1700,25-34,F,8,USA,White,-1.69163,0.80523,0.7233,-0.15487,-0.00665,Used in Last Day,1,6
798,1741,45-54,F,7,UK,White,-0.92104,0.32197,-0.58331,-0.15487,1.13407,Used in Last Day,1,6
800,1807,35-44,F,6,USA,White,0.04257,-0.80615,-0.84732,-0.15487,-1.13788,Used in Last Month,1,4
803,1865,25-34,F,7,USA,Other,-0.34799,0.00332,1.24033,-0.15487,0.41594,Used in Last Week,1,5
808,57,35-44,F,5,UK,White,0.04257,0.00332,-1.68062,-0.01729,0.25953,Used in Last Week,1,5
809,124,25-34,F,7,UK,White,0.22393,-0.69509,-0.45174,-0.01729,0.12331,Used in Last Week,1,5
810,195,25-34,F,7,Canada,Mixed-White/Asian,-0.92104,1.2861,-0.01928,-0.01729,0.41594,Used in Last Year,1,3
811,205,25-34,F,7,UK,White,-0.14882,0.96248,1.24033,-0.01729,0.25953,Used in Last Week,1,5
812,211,25-34,F,5,UK,White,0.73545,0.16767,-1.42424,-0.01729,-1.25773,Used in Last Year,1,3
813,221,18-24,F,7,UK,White,0.82562,-0.30033,0.29338,-0.01729,0.12331,Used in Last Week,1,5
814,254,45-54,F,9,UK,White,-0.79151,0.16767,0.29338,-0.01729,0.93949,Used in Last Day,1,6
816,266,35-44,F,7,UK,Black,-0.24649,0.00332,-0.45174,-0.01729,-0.00665,Used in Last Decade,1,2
819,309,35-44,F,4,UK,White,-1.69163,0.80523,-0.17779,-0.01729,1.63088,Used in Last Week,1,5
820,316,45-54,F,9,UK,White,-0.79151,0.80523,0.58331,-0.01729,0.41594,Used in Last Week,1,5
822,338,45-54,F,8,UK,Black,0.62967,0.16767,-0.17779,-0.01729,1.30612,Used in Last Week,1,5
824,366,35-44,F,9,UK,White,0.41667,-0.15487,0.14143,-0.01729,-0.52745,Used in Last Week,1,5
825,381,45-54,F,6,UK,White,0.82562,-0.43999,0.7233,-0.01729,0.25953,Used in Last Day,1,6
826,394,35-44,F,3,UK,White,-0.46725,0.32197,-0.58331,-0.01729,1.13407,Used in Last Week,1,5
827,408,45-54,F,7,UK,White,1.8399,-0.94779,1.65653,-0.01729,-0.40581,Used in Last Year,1,3
828,442,18-24,F,5,UK,White,-0.67825,1.45421,-2.09015,-0.01729,0.58489,Used in Last Year,1,3
831,503,25-34,F,6,UK,White,-0.58016,-0.15487,-1.42424,-0.01729,-0.40581,Used in Last Year,1,3
834,531,25-34,F,6,UK,White,0.73545,1.11406,-0.01928,-0.01729,-0.00665,Used in Last Week,1,5
835,556,25-34,F,9,UK,White,0.62967,0.47617,-0.45174,-0.01729,1.30612,Used in Last Month,1,4
836,557,45-54,F,8,UK,White,0.22393,-0.94779,-1.11902,-0.01729,0.93949,Used in Last Day,1,6
837,582,35-44,F,5,UK,White,-1.1943,0.00332,-1.11902,-0.01729,-1.92173,Used in Last Day,1,6
839,626,35-44,F,9,UK,White,0.04257,0.00332,-1.27553,-0.01729,0.25953,Used in Last Day,1,6
840,650,25-34,F,7,UK,White,-0.14882,0.80523,-1.27553,-0.01729,2.04506,Used in Last Week,1,5
843,690,55-64,F,8,UK,White,0.82562,-0.69509,-0.45174,-0.01729,-0.14277,Used in Last Day,1,6
845,731,35-44,F,7,UK,White,0.73545,0.00332,-0.97631,-0.01729,-0.00665,Used in Last Week,1,5
846,749,35-44,F,2,UK,White,0.41667,-0.57545,-1.42424,-0.01729,-1.78169,Used in Last Decade,1,2
849,785,18-24,F,5,USA,White,-0.24649,0.47617,0.88309,-0.01729,1.13407,Used in Last Day,1,6
851,877,18-24,F,5,USA,Other,0.73545,0.32197,1.43533,-0.01729,-0.78155,Used in Last Week,1,5
852,880,18-24,F,7,USA,White,-0.58016,1.45421,0.88309,-0.01729,0.12331,Used in Last Week,1,5
854,913,18-24,F,5,USA,White,2.127,-2.72827,-1.97495,-0.01729,-1.38502,Used in Last Month,1,4
859,1029,35-44,F,7,USA,Asian,0.62967,0.32197,-0.45174,-0.01729,0.58489,Used in Last Week,1,5
867,1138,25-34,F,9,UK,White,-0.05188,0.32197,-0.84732,-0.01729,0.41594,Used in Last Week,1,5
869,1161,25-34,F,7,Canada,White,0.62967,-0.15487,0.14143,-0.01729,-1.13788,Used in Last Day,1,6
872,1226,18-24,F,5,USA,White,0.91093,-0.30033,-0.01928,-0.01729,-0.40581,Used in Last Week,1,5
873,1250,45-54,F,8,UK,White,-0.46725,-0.15487,1.43533,-0.01729,0.93949,Used in Last Week,1,5
875,1351,18-24,F,5,USA,White,-2.05048,-0.94779,0.14143,-0.01729,-0.65253,Used in Last Year,1,3
876,1361,18-24,F,5,Australia,White,0.52135,0.96248,1.65653,-0.01729,1.30612,Used in Last Week,1,5
877,1379,25-34,F,8,Canada,Mixed-White/Asian,1.49158,-0.94779,0.7233,-0.01729,2.04506,Used in Last Year,1,3
878,1386,18-24,F,5,UK,White,-0.24649,-0.43999,-0.31776,-0.01729,0.58489,Used in Last Week,1,5
880,1394,25-34,F,8,UK,White,1.37297,0.32197,-0.17779,-0.01729,0.41594,Used in Last Year,1,3
881,1413,25-34,F,8,UK,White,1.02119,0.80523,1.24033,-0.01729,0.25953,Used in Last Week,1,5
883,1480,35-44,F,6,USA,White,-0.05188,-0.57545,-2.09015,-0.01729,-0.27607,Used in Last Week,1,5
884,1482,45-54,F,7,USA,White,1.60383,-2.32338,0.14143,-0.01729,-2.04506,Used in Last Month,1,4
885,1488,25-34,F,7,UK,White,-0.05188,-0.30033,-1.27553,-0.01729,0.7583,Used in Last Week,1,5
888,1548,18-24,F,5,USA,White,1.49158,0.16767,0.88309,-0.01729,0.58489,Used in Last Year,1,3
890,1594,35-44,F,9,UK,White,0.04257,0.80523,0.29338,-0.01729,-0.14277,Used in Last Week,1,5
891,1596,25-34,F,7,UK,White,-0.58016,1.74091,0.88309,-0.01729,-0.27607,Used in Last Week,1,5
893,1635,18-24,F,4,UK,White,0.04257,-1.37639,-1.27553,-0.01729,-0.00665,Used in Last Month,1,4
895,1668,25-34,F,9,Australia,White,0.13606,-0.43999,-1.55521,-0.01729,0.93949,Used in Last Year,1,3
896,1686,18-24,F,5,USA,Black,1.37297,-2.03972,0.88309,-0.01729,-1.13788,Used in Last Month,1,4
897,1731,25-34,F,5,UK,White,0.62967,-1.37639,-0.71727,-0.01729,-0.78155,Used in Last Day,1,6
904,86,25-34,F,4,UK,White,-0.46725,0.00332,-1.55521,0.13136,0.41594,Used in Last Year,1,3
906,109,25-34,F,7,UK,White,-0.46725,2.127,0.14143,0.13136,0.7583,Used in Last Week,1,5
907,114,45-54,F,6,UK,White,0.04257,0.63779,0.29338,0.13136,0.7583,Used in Last Month,1,4
908,118,25-34,F,7,UK,White,1.60383,0.80523,1.43533,0.13136,-1.13788,Used in Last Week,1,5
912,160,45-54,F,5,UK,Black,-0.46725,-0.57545,-0.58331,0.13136,0.25953,Used in Last Month,1,4
914,174,35-44,F,7,UK,White,1.02119,0.63779,1.24033,0.13136,0.25953,Used in Last Day,1,6
915,190,18-24,F,8,UK,White,-0.34799,0.00332,-0.45174,0.13136,0.7583,Used in Last Week,1,5
916,194,45-54,F,7,UK,White,0.31287,-1.09207,-0.45174,0.13136,0.12331,Used in Last Week,1,5
917,207,18-24,F,7,UK,White,-0.05188,1.2861,0.58331,0.13136,0.41594,Used in Last Week,1,5
918,233,25-34,F,7,UK,White,0.04257,1.2861,-0.01928,0.13136,0.7583,Used in Last Week,1,5
919,302,25-34,F,5,USA,White,-0.24649,-0.43999,-1.55521,0.13136,0.58489,Used in Last Year,1,3
920,311,45-54,F,7,UK,White,-1.32828,-0.15487,-0.84732,0.13136,0.58489,Used in Last Year,1,3
921,315,18-24,F,4,Republic of Ireland,White,-0.58016,0.16767,-0.71727,0.13136,-0.14277,Used in Last Week,1,5
925,361,25-34,F,5,UK,White,-0.58016,1.58487,0.58331,0.13136,0.41594,Used in Last Week,1,5
926,362,45-54,F,7,UK,White,0.52135,0.80523,-0.01928,0.13136,-0.14277,Used in Last Decade,1,2
928,378,45-54,F,8,UK,White,-0.92104,0.00332,-0.71727,0.13136,0.93949,Used in Last Week,1,5
931,392,35-44,F,5,UK,White,-0.67825,-0.43999,0.29338,0.13136,-0.00665,Used in Last Decade,1,2
934,445,45-54,F,6,UK,White,-0.46725,0.80523,0.58331,0.13136,0.7583,Used in Last Week,1,5
935,453,35-44,F,7,UK,White,-0.14882,-0.15487,0.14143,0.13136,0.93949,Used in Last Week,1,5
940,517,18-24,F,3,USA,White,-1.43907,1.93886,0.44585,0.13136,0.25953,Used in Last Week,1,5
941,526,35-44,F,1,UK,White,0.13606,-0.80615,-1.82919,0.13136,0.41594,Used in Last Decade,1,2
943,566,45-54,F,5,UK,White,-0.46725,-0.43999,-0.01928,0.13136,-0.40581,Used in Last Decade,1,2
944,581,18-24,F,8,UK,White,-0.14882,0.80523,0.58331,0.13136,0.7583,Used in Last Week,1,5
948,620,25-34,F,7,UK,White,-0.05188,1.11406,0.88309,0.13136,-0.00665,Used in Last Week,1,5
949,635,25-34,F,8,UK,White,-0.67825,1.74091,0.44585,0.13136,0.25953,Used in Last Week,1,5
952,692,25-34,F,7,UK,White,-0.14882,-0.15487,-0.97631,0.13136,0.41594,Used in Last Month,1,4
953,713,25-34,F,8,UK,White,0.52135,0.32197,0.7233,0.13136,1.13407,Used in Last Month,1,4
955,728,25-34,F,8,UK,Mixed-White/Black,0.31287,0.63779,-0.58331,0.13136,-0.14277,Used in Last Week,1,5
957,757,18-24,F,8,UK,Mixed-White/Asian,0.62967,0.32197,-0.58331,0.13136,0.7583,Used in Last Week,1,5
960,834,25-34,F,8,USA,White,0.13606,-0.94779,1.43533,0.13136,0.58489,Used in Last Day,1,6
963,898,18-24,F,6,UK,White,-1.86962,-0.30033,0.14143,0.13136,-0.65253,Used in Last Month,1,4
967,937,18-24,F,5,USA,White,2.28554,-0.69509,0.29338,0.13136,-0.78155,Used in Last Month,1,4
974,1007,18-24,F,4,USA,White,1.8399,-0.94779,0.88309,0.13136,-0.89891,Used in Last Year,1,3
976,1062,18-24,F,4,USA,Other,-0.24649,0.63779,-1.42424,0.13136,0.7583,Used in Last Decade,1,2
978,1078,35-44,F,6,Canada,White,0.41667,0.00332,-0.97631,0.13136,-0.14277,Used in Last Month,1,4
979,1081,35-44,F,6,UK,White,0.52135,-1.37639,-1.42424,0.13136,-1.13788,Used in Last Month,1,4
984,1193,18-24,F,5,USA,White,0.62967,0.63779,0.44585,0.13136,-2.57309,Used in Last Year,1,3
988,1245,25-34,F,7,UK,White,0.52135,0.00332,-0.97631,0.13136,-1.38502,Used in Last Day,1,6
989,1246,45-54,F,7,UK,White,-1.32828,1.74091,-0.01928,0.13136,2.04506,Used in Last Month,1,4
990,1263,25-34,F,6,UK,White,0.31287,0.96248,-0.97631,0.13136,0.58489,Used in Last Day,1,6
991,1276,45-54,F,6,UK,White,-1.69163,-0.69509,-1.68062,0.13136,1.81175,Used in Last Year,1,3
992,1283,18-24,F,5,UK,Other,-1.43907,0.00332,0.14143,0.13136,-0.27607,Used in Last Month,1,4
996,1404,25-34,F,7,UK,White,0.41667,0.00332,-1.11902,0.13136,0.58489,Used in Last Week,1,5
997,1410,25-34,F,9,UK,White,-2.21844,-0.94779,-0.71727,0.13136,-0.52745,Used in Last Week,1,5
998,1461,35-44,F,9,UK,White,-2.05048,1.58487,0.14143,0.13136,0.7583,Used in Last Week,1,5
999,1483,45-54,F,9,UK,White,-0.92104,0.00332,0.14143,0.13136,0.7583,Used in Last Week,1,5
1002,1505,18-24,F,7,USA,Mixed-White/Asian,-0.46725,0.00332,-0.31776,0.13136,-0.52745,Used in Last Day,1,6
1005,1546,18-24,F,5,USA,White,1.02119,-0.94779,0.88309,0.13136,-0.14277,Used in Last Year,1,3
1006,1599,25-34,F,8,UK,White,-0.79151,1.2861,-1.82919,0.13136,0.7583,Used in Last Week,1,5
1008,1660,45-54,F,7,UK,White,-2.21844,0.63779,0.29338,0.13136,0.41594,Used in Last Day,1,6
1009,1712,25-34,F,7,UK,White,0.04257,1.74091,0.58331,0.13136,-0.14277,Used in Last Week,1,5
1010,1747,35-44,F,8,UK,Black,-0.24649,-0.57545,-0.58331,0.13136,0.12331,Never Used,1,1
1011,1754,25-34,F,6,UK,White,-0.14882,1.58487,-0.01928,0.13136,-0.40581,Used in Last Day,1,6
1012,1792,35-44,F,9,USA,White,-0.24649,-0.15487,0.7233,0.13136,2.33337,Used in Last Month,1,4
1013,1795,18-24,F,5,USA,White,0.82562,-1.7625,2.90161,0.13136,-0.78155,Never Used,1,1
1014,1809,18-24,F,8,UK,Black,0.41667,-0.80615,-0.58331,0.13136,-0.40581,Used in Last Month,1,4
1015,17,35-44,F,5,UK,White,-1.55078,-0.80615,-1.68062,0.28783,0.7583,Used in Last Day,1,6
1017,29,35-44,F,8,UK,White,0.04257,-1.50796,-0.71727,0.28783,1.30612,Used in Last Day,1,6
1018,47,45-54,F,5,Canada,White,0.31287,0.63779,-1.11902,0.28783,1.46191,Used in Last Year,1,3
1019,53,55-64,F,7,UK,White,-0.14882,0.00332,-1.42424,0.28783,-0.78155,Used in Last Week,1,5
1021,58,25-34,F,7,UK,White,-0.58016,0.63779,-1.97495,0.28783,0.7583,Used over a Decade Ago,1,Used over a Decade Ago
1022,70,45-54,F,2,UK,White,-0.05188,-0.69509,-1.68062,0.28783,-0.00665,Used in Last Day,1,6
1024,91,35-44,F,8,UK,White,1.37297,0.32197,0.7233,0.28783,-0.78155,Used in Last Day,1,6
1027,107,25-34,F,5,UK,White,1.02119,-0.30033,-1.82919,0.28783,-0.40581,Used in Last Month,1,4
1028,116,25-34,F,6,Canada,White,0.22393,-0.57545,-0.84732,0.28783,1.13407,Used in Last Week,1,5
1029,120,35-44,F,7,UK,White,-0.34799,0.63779,-0.97631,0.28783,1.46191,Used in Last Week,1,5
1030,128,45-54,F,3,UK,White,-0.34799,-0.80615,-0.84732,0.28783,0.93949,Used in Last Week,1,5
1033,156,35-44,F,7,UK,Black,0.62967,-1.37639,-1.27553,0.28783,-0.27607,Used in Last Week,1,5
1034,181,45-54,F,6,UK,White,0.31287,0.63779,-1.55521,0.28783,0.93949,Used in Last Week,1,5
1035,187,35-44,F,8,UK,White,-0.67825,1.45421,0.14143,0.28783,1.81175,Used in Last Day,1,6
1036,193,25-34,F,6,Canada,White,-0.79151,-0.30033,-0.17779,0.28783,-0.52745,Used in Last Week,1,5
1037,238,25-34,F,2,UK,White,0.91093,-0.15487,-2.21069,0.28783,1.30612,Used in Last Week,1,5
1039,272,45-54,F,8,UK,White,0.73545,-0.69509,0.44585,0.28783,-1.38502,Used in Last Day,1,6
1041,274,25-34,F,7,UK,White,0.22393,0.16767,-1.11902,0.28783,0.25953,Used in Last Day,1,6
1042,313,45-54,F,8,UK,White,-0.34799,0.00332,-0.45174,0.28783,0.12331,Used in Last Day,1,6
1043,319,25-34,F,6,UK,White,0.04257,0.00332,-0.71727,0.28783,0.93949,Used in Last Decade,1,2
1045,342,35-44,F,8,UK,White,-0.46725,1.11406,0.88309,0.28783,0.41594,Used in Last Week,1,5
1047,393,25-34,F,7,UK,White,0.62967,0.00332,0.14143,0.28783,0.12331,Used in Last Week,1,5
1048,411,35-44,F,6,USA,White,-1.55078,0.80523,0.7233,0.28783,0.58489,Used over a Decade Ago,1,Used over a Decade Ago
1049,430,25-34,F,4,UK,White,-0.92104,-0.15487,-2.09015,0.28783,0.7583,Used in Last Week,1,5
1051,485,25-34,F,7,UK,White,1.23461,0.47617,1.43533,0.28783,0.93949,Used in Last Decade,1,2
1053,561,45-54,F,7,UK,White,-0.79151,0.00332,0.44585,0.28783,1.13407,Used in Last Day,1,6
1054,562,18-24,F,7,UK,White,1.02119,0.16767,-0.71727,0.28783,0.41594,Used in Last Day,1,6
1055,624,35-44,F,8,UK,White,-0.14882,0.47617,-0.31776,0.28783,1.63088,Used in Last Week,1,5
1056,631,45-54,F,9,UK,Mixed-White/Black,-0.46725,0.47617,0.58331,0.28783,-0.14277,Used in Last Week,1,5
1057,632,35-44,F,9,UK,White,0.52135,-0.30033,1.65653,0.28783,1.13407,Used in Last Day,1,6
1059,666,25-34,F,9,UK,White,1.13281,-0.43999,0.14143,0.28783,-0.27607,Used in Last Day,1,6
1063,748,25-34,F,8,UK,White,-0.05188,0.47617,0.44585,0.28783,0.41594,Used in Last Month,1,4
1065,876,25-34,F,8,USA,White,0.22393,-1.09207,-0.58331,0.28783,-1.0145,Used in Last Week,1,5
1067,931,18-24,F,5,UK,Other,-0.24649,0.96248,0.7233,0.28783,-0.27607,Used in Last Month,1,4
1068,936,18-24,F,5,USA,White,-1.32828,1.11406,1.24033,0.28783,-0.78155,Used in Last Week,1,5
1072,1067,35-44,F,3,Canada,White,1.23461,-0.69509,0.58331,0.28783,1.63088,Used in Last Week,1,5
1073,1074,18-24,F,8,UK,White,1.60383,-1.50796,-0.17779,0.28783,-0.40581,Used in Last Decade,1,2
1074,1082,25-34,F,8,UK,Other,0.31287,1.74091,-0.17779,0.28783,0.58489,Used in Last Day,1,6
1076,1086,18-24,F,7,UK,White,-0.05188,-0.15487,0.44585,0.28783,0.41594,Used in Last Week,1,5
1081,1254,35-44,F,7,UK,White,-0.34799,-1.23177,-1.97495,0.28783,-0.27607,Used in Last Day,1,6
1082,1261,45-54,F,7,UK,White,-0.67825,0.32197,-0.31776,0.28783,-0.78155,Used in Last Week,1,5
1083,1264,45-54,F,7,UK,White,0.04257,-0.15487,-0.71727,0.28783,0.58489,Used in Last Day,1,6
1084,1280,18-24,F,7,UK,Asian,0.62967,0.16767,-1.11902,0.28783,-0.52745,Used in Last Week,1,5
1085,1301,35-44,F,5,USA,White,-0.58016,-0.94779,1.43533,0.28783,-0.65253,Used in Last Year,1,3
1087,1349,18-24,F,4,USA,White,1.13281,-0.94779,-0.31776,0.28783,-0.40581,Used in Last Month,1,4
1088,1406,25-34,F,9,UK,Mixed-White/Black,1.60383,1.2861,0.58331,0.28783,-0.78155,Used in Last Day,1,6
1090,1418,18-24,F,7,UK,Asian,0.91093,-0.69509,-0.71727,0.28783,-0.00665,Never Used,1,1
1091,1428,18-24,F,6,UK,Other,0.04257,0.00332,-0.17779,0.28783,1.81175,Used in Last Day,1,6
1092,1436,55-64,F,8,UK,White,-0.79151,0.00332,0.14143,0.28783,0.7583,Used in Last Day,1,6
1093,1437,55-64,F,6,UK,White,-0.79151,-0.57545,0.29338,0.28783,-1.13788,Used in Last Week,1,5
1098,1550,25-34,F,8,UK,White,-0.67825,-0.94779,0.58331,0.28783,1.30612,Used in Last Week,1,5
1099,1551,25-34,F,6,UK,White,-0.46725,0.00332,-1.11902,0.28783,-0.00665,Used in Last Day,1,6
1100,1557,18-24,F,8,UK,White,0.31287,0.80523,-0.97631,0.28783,0.25953,Used in Last Day,1,6
1101,1562,35-44,F,7,UK,White,0.62967,-1.50796,-0.31776,0.28783,-0.14277,Used over a Decade Ago,1,Used over a Decade Ago
1103,1600,25-34,F,6,UK,White,-1.1943,1.11406,-1.42424,0.28783,-0.00665,Used in Last Month,1,4
1104,1630,45-54,F,6,UK,White,0.13606,-0.15487,-0.84732,0.28783,0.58489,Used in Last Decade,1,2
1105,1639,45-54,F,2,UK,White,0.22393,-0.57545,-0.71727,0.28783,0.41594,Used in Last Week,1,5
1107,1703,25-34,F,6,UK,White,-0.58016,0.47617,-1.97495,0.28783,0.93949,Used in Last Week,1,5
1109,1709,35-44,F,7,UK,White,-0.46725,0.96248,-0.84732,0.28783,1.13407,Used in Last Week,1,5
1110,1725,45-54,F,6,UK,White,-1.32828,0.16767,-0.58331,0.28783,0.58489,Used in Last Week,1,5
1111,1740,25-34,F,6,UK,White,0.22393,0.00332,-0.45174,0.28783,-0.00665,Used in Last Month,1,4
1113,1777,18-24,F,7,USA,White,0.82562,-1.09207,1.43533,0.28783,1.13407,Used in Last Week,1,5
1118,1828,25-34,F,7,USA,White,-1.05308,-1.50796,0.14143,0.28783,0.25953,Used in Last Month,1,4
1120,1837,35-44,F,6,USA,White,1.98437,-1.92173,0.88309,0.28783,-1.78169,Used in Last Decade,1,2
1121,1870,18-24,F,7,USA,White,0.13606,-0.80615,1.43533,0.28783,1.63088,Used in Last Day,1,6
1124,77,45-54,F,3,Canada,White,-0.34799,-0.69509,-1.55521,0.43852,0.58489,Used in Last Month,1,4
1126,131,45-54,F,2,UK,White,0.91093,0.32197,-1.42424,0.43852,2.33337,Used in Last Week,1,5
1127,152,35-44,F,7,UK,White,0.52135,-1.6334,-1.82919,0.43852,-0.89891,Used in Last Week,1,5
1128,225,45-54,F,7,UK,White,-0.46725,1.45421,0.29338,0.43852,0.7583,Used in Last Week,1,5
1129,237,25-34,F,8,UK,White,1.49158,0.32197,-0.17779,0.43852,0.41594,Used in Last Day,1,6
1130,247,25-34,F,6,UK,White,1.37297,-0.69509,-1.27553,0.43852,-0.65253,Used in Last Week,1,5
1132,269,45-54,F,8,UK,White,-1.05308,1.74091,0.58331,0.43852,2.04506,Used in Last Day,1,6
1133,276,35-44,F,8,UK,White,0.41667,-0.43999,0.14143,0.43852,1.63088,Used in Last Month,1,4
1136,301,35-44,F,6,USA,White,0.82562,-0.94779,-0.17779,0.43852,0.58489,Used in Last Week,1,5
1138,334,18-24,F,5,UK,White,2.82196,-1.92173,-0.84732,0.43852,-1.78169,Used in Last Day,1,6
1139,337,25-34,F,8,UK,White,0.41667,-0.57545,0.58331,0.43852,-1.0145,Used in Last Day,1,6
1140,369,45-54,F,7,UK,White,-1.1943,0.47617,0.29338,0.43852,0.25953,Used in Last Week,1,5
1141,379,25-34,F,7,UK,White,-0.46725,-0.57545,-1.68062,0.43852,-0.52745,Used in Last Week,1,5
1142,414,25-34,F,7,UK,White,0.13606,1.11406,-0.97631,0.43852,-0.27607,Used in Last Day,1,6
1143,585,18-24,F,5,USA,White,0.62967,0.00332,-0.58331,0.43852,-0.40581,Used in Last Week,1,5
1144,593,35-44,F,6,USA,White,-2.75696,0.96248,0.14143,0.43852,2.04506,Used in Last Week,1,5
1145,599,45-54,F,6,USA,White,0.04257,0.16767,-0.58331,0.43852,0.25953,Used in Last Week,1,5
1146,638,45-54,F,7,UK,White,-0.67825,0.32197,-0.45174,0.43852,-0.00665,Used in Last Month,1,4
1147,655,35-44,F,2,UK,White,-0.34799,0.96248,-0.71727,0.43852,1.13407,Used in Last Week,1,5
1149,747,25-34,F,2,UK,White,0.73545,0.32197,-1.11902,0.43852,-0.40581,Used in Last Day,1,6
1151,781,18-24,F,6,USA,White,1.02119,-2.11437,-0.17779,0.43852,-0.00665,Used in Last Month,1,4
1152,784,18-24,F,5,USA,White,0.82562,-0.43999,0.88309,0.43852,-0.52745,Used in Last Day,1,6
1154,800,35-44,F,5,UK,White,1.23461,0.63779,1.43533,0.43852,-0.65253,Used in Last Week,1,5
1156,818,18-24,F,5,USA,White,0.13606,-0.94779,-0.01928,0.43852,0.7583,Used in Last Year,1,3
1161,944,18-24,F,5,USA,Mixed-White/Asian,1.60383,-0.80615,0.58331,0.43852,-1.13788,Used in Last Year,1,3
1162,966,25-34,F,8,USA,White,-1.1943,0.00332,0.7233,0.43852,-0.27607,Used in Last Week,1,5
1165,1019,18-24,F,4,UK,White,-0.34799,-1.23177,-0.97631,0.43852,1.13407,Used in Last Week,1,5
1167,1102,18-24,F,8,UK,White,-1.32828,1.2861,0.29338,0.43852,0.58489,Used in Last Week,1,5
1170,1151,45-54,F,4,Australia,White,-0.58016,0.63779,-0.31776,0.43852,0.93949,Used over a Decade Ago,1,Used over a Decade Ago
1172,1189,25-34,F,7,UK,White,1.23461,-0.30033,0.88309,0.43852,-0.00665,Used in Last Week,1,5
1174,1312,18-24,F,5,UK,White,-0.24649,0.32197,0.29338,0.43852,0.7583,Used in Last Day,1,6
1175,1325,18-24,F,5,USA,White,0.41667,-0.57545,1.06238,0.43852,-1.0145,Used in Last Month,1,4
1179,1407,25-34,F,7,UK,White,0.22393,-0.57545,-1.55521,0.43852,-1.38502,Used in Last Day,1,6
1182,1430,18-24,F,5,USA,White,0.73545,-0.30033,-0.71727,0.43852,-0.89891,Used in Last Year,1,3
1184,1454,18-24,F,7,UK,White,0.31287,0.16767,-1.55521,0.43852,1.13407,Used in Last Month,1,4
1185,1459,25-34,F,7,UK,White,-1.32828,-0.57545,-0.17779,0.43852,1.13407,Used in Last Month,1,4
1187,1474,25-34,F,8,USA,White,-0.24649,0.32197,0.88309,0.43852,0.12331,Used in Last Day,1,6
1189,1538,18-24,F,5,USA,White,0.13606,-0.94779,-1.11902,0.43852,-1.13788,Used in Last Week,1,5
1191,1583,35-44,F,8,UK,White,-0.24649,-0.15487,-1.27553,0.43852,1.46191,Used in Last Month,1,4
1192,1597,55-64,F,5,UK,White,-0.05188,0.63779,0.14143,0.43852,0.41594,Used in Last Week,1,5
1193,1607,35-44,F,6,UK,White,-1.55078,1.45421,0.44585,0.43852,0.58489,Used in Last Week,1,5
1194,1613,35-44,F,7,UK,Mixed-White/Black,0.13606,1.2861,-0.97631,0.43852,-0.00665,Used in Last Week,1,5
1197,1644,45-54,F,6,UK,White,0.04257,-0.80615,-0.01928,0.43852,-0.14277,Used in Last Year,1,3
1200,1664,25-34,F,5,UK,White,-1.05308,0.00332,-0.31776,0.43852,-0.78155,Used in Last Month,1,4
1201,1670,35-44,F,7,Australia,White,-1.1943,-0.57545,-0.71727,0.43852,0.93949,Used in Last Month,1,4
1203,1681,18-24,F,7,UK,White,-0.05188,1.2861,-0.71727,0.43852,0.41594,Used in Last Week,1,5
1205,1689,25-34,F,8,USA,White,0.13606,0.96248,1.65653,0.43852,-0.27607,Used in Last Day,1,6
1206,1693,25-34,F,7,UK,White,0.73545,-0.30033,-0.31776,0.43852,-0.40581,Used in Last Week,1,5
1208,1745,55-64,F,5,UK,White,-0.46725,-0.94779,-1.42424,0.43852,-0.00665,Used in Last Year,1,3
1210,1775,18-24,F,4,Republic of Ireland,White,0.82562,-0.43999,0.44585,0.43852,-1.0145,Never Used,1,1
1212,1783,25-34,F,3,UK,White,-0.34799,0.47617,0.7233,0.43852,1.30612,Used in Last Week,1,5
1213,1786,25-34,F,8,UK,White,-0.14882,-0.57545,-0.45174,0.43852,0.25953,Used in Last Week,1,5
1215,1822,45-54,F,5,USA,White,1.37297,-0.15487,0.44585,0.43852,-0.65253,Used in Last Year,1,3
1217,4,18-24,F,8,UK,White,-0.14882,-0.80615,-0.01928,0.59042,0.58489,Used in Last Month,1,4
1221,135,25-34,F,8,UK,Mixed-White/Asian,3.27393,-1.50796,-0.31776,0.59042,-0.65253,Used in Last Day,1,6
1222,151,35-44,F,5,UK,White,-0.24649,1.2861,0.14143,0.59042,1.13407,Used in Last Week,1,5
1223,170,18-24,F,4,UK,White,-0.34799,0.00332,-1.42424,0.59042,-0.14277,Used in Last Week,1,5
1226,189,45-54,F,2,UK,White,0.41667,-1.37639,-2.09015,0.59042,-0.27607,Used in Last Month,1,4
1227,191,55-64,F,6,UK,White,-1.43907,0.00332,-0.84732,0.59042,-0.27607,Used in Last Week,1,5
1229,208,35-44,F,6,UK,White,-0.67825,0.47617,-0.58331,0.59042,-0.14277,Used in Last Week,1,5
1230,231,35-44,F,6,UK,White,1.02119,-2.21069,-1.82919,0.59042,0.41594,Used in Last Week,1,5
1232,265,18-24,F,7,UK,White,-0.46725,0.16767,-0.01928,0.59042,0.58489,Used in Last Week,1,5
1233,303,35-44,F,9,UK,White,0.52135,-0.43999,-0.71727,0.59042,0.93949,Used in Last Day,1,6
1235,314,25-34,F,8,UK,White,0.04257,1.74091,0.29338,0.59042,1.30612,Used in Last Week,1,5
1237,374,18-24,F,5,UK,White,0.91093,0.96248,-1.11902,0.59042,0.25953,Used in Last Week,1,5
1238,402,25-34,F,4,UK,White,-0.14882,-0.15487,-1.97495,0.59042,0.7583,Used in Last Month,1,4
1239,436,25-34,F,7,UK,White,0.04257,0.47617,-1.11902,0.59042,1.81175,Used in Last Month,1,4
1240,451,18-24,F,7,UK,White,0.73545,-0.15487,-0.84732,0.59042,-1.0145,Used in Last Week,1,5
1241,458,35-44,F,8,UK,White,-0.46725,-0.57545,0.14143,0.59042,0.7583,Used in Last Week,1,5
1242,459,18-24,F,7,UK,White,0.62967,0.00332,0.14143,0.59042,0.12331,Used in Last Day,1,6
1246,540,35-44,F,7,UK,White,1.13281,-0.30033,-0.01928,0.59042,0.58489,Used in Last Day,1,6
1248,547,35-44,F,6,UK,White,1.60383,0.16767,-0.45174,0.59042,-0.78155,Used in Last Week,1,5
1249,567,45-54,F,8,UK,White,0.31287,-0.80615,0.14143,0.59042,-0.78155,Used in Last Week,1,5
1250,576,35-44,F,7,UK,White,2.127,-1.50796,-1.82919,0.59042,-1.78169,Used in Last Day,1,6
1251,578,25-34,F,8,UK,Other,0.82562,0.32197,0.14143,0.59042,0.93949,Used in Last Month,1,4
1254,674,18-24,F,5,UK,White,1.23461,1.11406,0.44585,0.59042,0.93949,Used in Last Week,1,5
1259,798,18-24,F,7,UK,White,-0.58016,0.80523,0.44585,0.59042,1.30612,Used in Last Week,1,5
1262,830,25-34,F,9,Australia,White,1.72012,0.47617,1.06238,0.59042,0.12331,Used in Last Week,1,5
1266,874,25-34,F,8,USA,White,-0.67825,-0.43999,-0.01928,0.59042,-0.27607,Used in Last Week,1,5
1268,935,18-24,F,7,UK,White,-0.24649,0.00332,1.06238,0.59042,2.04506,Used in Last Week,1,5
1269,952,18-24,F,5,USA,White,-1.1943,0.32197,1.88511,0.59042,-0.14277,Used in Last Year,1,3
1271,1026,18-24,F,4,USA,Other,0.31287,-1.09207,0.44585,0.59042,-0.65253,Used in Last Month,1,4
1272,1030,18-24,F,8,USA,White,-0.34799,0.80523,0.58331,0.59042,1.30612,Used in Last Week,1,5
1274,1057,25-34,F,5,USA,White,0.22393,-0.15487,0.7233,0.59042,1.46191,Used in Last Month,1,4
1275,1091,25-34,F,8,USA,White,-0.46725,-0.15487,0.29338,0.59042,0.93949,Used in Last Day,1,6
1277,1174,18-24,F,5,USA,White,0.41667,0.16767,1.43533,0.59042,0.58489,Used in Last Month,1,4
1280,1237,45-54,F,8,UK,White,-1.69163,0.80523,1.24033,0.59042,-0.00665,Used in Last Week,1,5
1281,1241,45-54,F,5,UK,White,0.41667,0.00332,0.29338,0.59042,-0.00665,Used in Last Decade,1,2
1282,1265,25-34,F,6,UK,White,-0.34799,-0.80615,-1.11902,0.59042,-0.00665,Used in Last Day,1,6
1283,1268,35-44,F,6,UK,White,0.13606,-1.09207,-0.45174,0.59042,0.25953,Used in Last Day,1,6
1284,1364,25-34,F,8,UK,White,0.31287,-0.57545,0.14143,0.59042,2.04506,Used in Last Week,1,5
1285,1415,25-34,F,9,UK,White,-0.34799,2.32338,1.43533,0.59042,0.58489,Used in Last Week,1,5
1287,1435,25-34,F,8,UK,White,0.41667,-1.37639,-1.11902,0.59042,0.25953,Used in Last Decade,1,2
1288,1450,18-24,F,8,UK,Asian,-0.58016,0.16767,-0.84732,0.59042,0.7583,Never Used,1,1
1289,1507,45-54,F,9,UK,White,0.04257,1.58487,1.06238,0.59042,2.04506,Used in Last Day,1,6
1290,1510,25-34,F,6,USA,White,0.73545,-1.23177,0.7233,0.59042,-0.00665,Used in Last Week,1,5
1292,1573,18-24,F,5,UK,White,-0.58016,-0.30033,-0.84732,0.59042,0.58489,Used in Last Year,1,3
1293,1574,25-34,F,8,UK,White,0.31287,0.00332,-0.31776,0.59042,0.41594,Used in Last Day,1,6
1294,1598,35-44,F,7,UK,White,-0.67825,0.32197,-0.97631,0.59042,0.12331,Used in Last Week,1,5
1298,1627,25-34,F,6,UK,White,-1.43907,0.63779,-1.42424,0.59042,0.58489,Used in Last Week,1,5
1299,1641,35-44,F,6,UK,White,0.31287,0.63779,-0.58331,0.59042,0.12331,Used in Last Day,1,6
1300,1687,35-44,F,6,UK,White,-1.05308,0.63779,-0.45174,0.59042,0.58489,Used in Last Day,1,6
1301,1714,35-44,F,9,UK,Other,-2.3436,1.74091,-0.01928,0.59042,2.63199,Used in Last Month,1,4
1302,1722,25-34,F,4,UK,White,-0.46725,0.16767,-2.63199,0.59042,1.13407,Used in Last Week,1,5
1305,1770,35-44,F,6,UK,White,-0.79151,0.47617,-1.11902,0.59042,-0.00665,Used in Last Week,1,5
1306,1839,35-44,F,6,USA,White,-0.05188,-0.80615,-0.01928,0.59042,0.25953,Used in Last Day,1,6
1307,1849,18-24,F,5,Canada,White,0.62967,-0.94779,0.44585,0.59042,1.13407,Used in Last Year,1,3
1309,9,35-44,F,6,Canada,White,0.62967,2.57309,-0.97631,0.76096,1.13407,Used in Last Month,1,4
1311,94,65+,F,2,UK,White,-0.14882,-0.80615,-0.97631,0.76096,0.41594,Used in Last Year,1,3
1312,138,45-54,F,7,UK,White,-1.1943,1.58487,0.29338,0.76096,0.41594,Used in Last Month,1,4
1315,175,35-44,F,6,UK,White,1.02119,-0.57545,-2.21069,0.76096,-1.5184,Used in Last Day,1,6
1316,179,45-54,F,7,UK,White,0.82562,-0.94779,-0.45174,0.76096,-0.14277,Used in Last Week,1,5
1317,186,35-44,F,7,Canada,White,0.31287,0.63779,-0.01928,0.76096,-0.14277,Used in Last Week,1,5
1318,199,25-34,F,6,UK,White,-0.05188,0.47617,0.58331,0.76096,-0.00665,Used in Last Day,1,6
1319,243,18-24,F,5,UK,White,1.49158,-1.50796,-3.27393,0.76096,-0.89891,Used in Last Week,1,5
1320,257,18-24,F,5,UK,White,-0.46725,0.63779,-0.31776,0.76096,0.93949,Used in Last Month,1,4
1321,271,45-54,F,8,UK,White,-2.3436,2.127,1.65653,0.76096,0.7583,Used in Last Day,1,6
1323,279,45-54,F,7,UK,White,-0.24649,-0.43999,-0.31776,0.76096,-0.00665,Used in Last Week,1,5
1324,331,45-54,F,6,UK,White,-1.05308,0.47617,-0.71727,0.76096,0.7583,Used over a Decade Ago,1,Used over a Decade Ago
1327,365,45-54,F,6,UK,White,1.23461,-0.15487,-1.27553,0.76096,0.41594,Used in Last Week,1,5
1328,371,25-34,F,7,UK,White,1.23461,0.32197,0.29338,0.76096,-0.65253,Used in Last Year,1,3
1329,386,45-54,F,7,UK,Black,-0.24649,0.16767,-0.97631,0.76096,0.58489,Used over a Decade Ago,1,Used over a Decade Ago
1330,441,35-44,F,7,UK,White,-0.46725,0.47617,-0.58331,0.76096,1.81175,Used in Last Day,1,6
1331,465,18-24,F,7,UK,White,0.31287,-0.80615,1.06238,0.76096,0.93949,Used in Last Week,1,5
1333,477,45-54,F,7,USA,White,-1.1943,0.96248,-0.45174,0.76096,0.93949,Used in Last Year,1,3
1334,486,35-44,F,2,UK,White,-0.58016,0.96248,-0.58331,0.76096,-0.27607,Used in Last Month,1,4
1337,539,45-54,F,5,UK,Asian,0.73545,-0.30033,-1.27553,0.76096,-0.89891,Never Used,1,1
1338,552,18-24,F,7,UK,White,-0.14882,-0.43999,-1.42424,0.76096,1.30612,Used in Last Day,1,6
1339,554,18-24,F,8,UK,White,1.72012,-1.50796,-0.17779,0.76096,0.25953,Used in Last Decade,1,2
1341,617,35-44,F,8,UK,White,0.13606,-0.15487,-0.45174,0.76096,-0.27607,Used in Last Day,1,6
1342,639,35-44,F,6,Canada,White,-0.34799,0.16767,-0.97631,0.76096,0.41594,Used in Last Month,1,4
1346,722,35-44,F,6,UK,White,1.60383,-0.69509,0.29338,0.76096,0.12331,Used in Last Month,1,4
1347,725,35-44,F,5,UK,White,1.13281,-0.57545,0.7233,0.76096,-0.40581,Used in Last Month,1,4
1348,743,45-54,F,8,UK,White,0.82562,-0.30033,0.29338,0.76096,1.63088,Used in Last Day,1,6
1350,758,18-24,F,5,Republic of Ireland,White,2.28554,-0.43999,-0.17779,0.76096,-2.18109,Used in Last Day,1,6
1352,804,45-54,F,7,USA,White,0.13606,-0.94779,-0.97631,0.76096,-0.27607,Used in Last Day,1,6
1355,869,18-24,F,5,USA,White,-0.05188,1.2861,1.43533,0.76096,2.04506,Used in Last Day,1,6
1358,945,25-34,F,8,USA,White,1.02119,-0.30033,0.44585,0.76096,-1.25773,Used in Last Year,1,3
1363,1045,25-34,F,8,UK,White,0.91093,-0.43999,-1.42424,0.76096,-0.65253,Used in Last Day,1,6
1364,1156,18-24,F,8,UK,White,0.41667,0.16767,0.29338,0.76096,-0.52745,Used in Last Day,1,6
1368,1272,55-64,F,7,UK,White,-0.14882,-0.15487,0.14143,0.76096,-0.52745,Used in Last Day,1,6
1371,1322,18-24,F,5,USA,Other,-0.46725,0.80523,2.15324,0.76096,-0.27607,Used in Last Month,1,4
1372,1337,18-24,F,7,UK,White,0.04257,1.58487,-0.71727,0.76096,1.30612,Used in Last Day,1,6
1373,1354,18-24,F,4,USA,White,-0.58016,0.63779,1.24033,0.76096,0.12331,Used in Last Year,1,3
1375,1372,25-34,F,8,UK,White,-0.58016,-0.43999,-1.55521,0.76096,-0.52745,Used in Last Day,1,6
1377,1384,18-24,F,7,USA,White,-0.67825,0.32197,0.44585,0.76096,0.12331,Used in Last Week,1,5
1378,1395,25-34,F,8,UK,White,0.73545,0.00332,0.14143,0.76096,1.46191,Used in Last Year,1,3
1379,1396,25-34,F,7,UK,White,0.41667,-0.15487,-0.01928,0.76096,0.58489,Used in Last Week,1,5
1380,1426,25-34,F,7,USA,White,-0.24649,0.63779,1.24033,0.76096,0.58489,Used in Last Day,1,6
1381,1441,35-44,F,8,UK,White,-0.14882,0.00332,-0.84732,0.76096,0.41594,Used in Last Day,1,6
1382,1455,25-34,F,9,UK,White,-0.46725,0.00332,-0.17779,0.76096,0.7583,Used in Last Week,1,5
1384,1470,18-24,F,7,UK,White,0.31287,0.00332,-0.01928,0.76096,-0.27607,Used in Last Week,1,5
1385,1532,25-34,F,7,USA,Other,-0.14882,0.96248,1.24033,0.76096,-0.27607,Used in Last Week,1,5
1386,1559,55-64,F,7,UK,White,-1.86962,1.58487,0.44585,0.76096,1.63088,Used in Last Month,1,4
1389,1611,45-54,F,7,UK,White,0.22393,0.63779,-0.97631,0.76096,-0.52745,Used in Last Week,1,5
1391,1626,35-44,F,6,UK,White,-0.79151,0.32197,-1.27553,0.76096,0.7583,Used in Last Day,1,6
1392,1629,25-34,F,8,UK,White,0.62967,0.00332,-0.01928,0.76096,-0.00665,Used in Last Year,1,3
1393,1645,25-34,F,8,UK,White,-0.67825,-0.15487,-0.71727,0.76096,0.25953,Used in Last Year,1,3
1394,1649,25-34,F,8,UK,White,-0.67825,0.47617,-0.17779,0.76096,1.46191,Used in Last Month,1,4
1395,1656,35-44,F,7,UK,White,-0.79151,1.11406,-1.82919,0.76096,0.93949,Used in Last Week,1,5
1396,1665,25-34,F,9,UK,White,0.04257,0.47617,0.44585,0.76096,-0.14277,Used in Last Week,1,5
1397,1673,25-34,F,7,UK,White,-0.58016,0.16767,-0.58331,0.76096,-1.13788,Used in Last Year,1,3
1398,1678,18-24,F,5,USA,White,1.37297,0.00332,-0.01928,0.76096,-0.27607,Used in Last Week,1,5
1400,1702,35-44,F,7,USA,White,1.98437,-0.80615,2.15324,0.76096,-0.00665,Used in Last Day,1,6
1401,1718,35-44,F,8,UK,Other,0.41667,-0.80615,1.06238,0.76096,0.58489,Used in Last Week,1,5
1403,1838,35-44,F,5,USA,White,0.31287,-1.50796,0.44585,0.76096,-0.27607,Used in Last Year,1,3
1405,1851,25-34,F,7,USA,White,2.127,-1.37639,1.88511,0.76096,-1.0145,Used in Last Year,1,3
1407,1884,18-24,F,5,USA,White,-1.1943,1.74091,1.88511,0.76096,-1.13788,Used in Last Week,1,5
1409,14,55-64,F,6,Canada,White,-0.79151,0.80523,-0.01928,0.94156,3.46436,Used over a Decade Ago,1,Used over a Decade Ago
1412,46,25-34,F,7,UK,White,-0.46725,0.47617,1.24033,0.94156,1.63088,Used in Last Week,1,5
1414,100,25-34,F,7,UK,White,-0.67825,3.00537,0.7233,0.94156,1.63088,Used in Last Day,1,6
1415,130,45-54,F,8,UK,White,-0.79151,0.96248,-1.11902,0.94156,0.41594,Used in Last Day,1,6
1417,141,25-34,F,7,UK,Asian,1.98437,0.32197,1.43533,0.94156,-0.27607,Used in Last Week,1,5
1418,164,25-34,F,5,UK,White,1.8399,0.00332,-0.31776,0.94156,0.12331,Used in Last Month,1,4
1419,203,35-44,F,7,UK,White,-0.67825,1.2861,-0.45174,0.94156,1.13407,Used in Last Day,1,6
1420,214,45-54,F,6,Republic of Ireland,White,0.52135,-0.15487,-1.27553,0.94156,0.12331,Used in Last Week,1,5
1421,230,45-54,F,7,UK,White,-1.05308,1.45421,0.14143,0.94156,1.63088,Used in Last Day,1,6
1423,244,25-34,F,7,UK,White,-0.58016,1.11406,0.7233,0.94156,0.93949,Used in Last Week,1,5
1424,250,45-54,F,6,UK,White,1.13281,0.32197,-0.17779,0.94156,1.13407,Used in Last Week,1,5
1426,283,45-54,F,8,UK,White,-0.05188,0.00332,0.14143,0.94156,0.93949,Used in Last Week,1,5
1427,323,18-24,F,7,UK,White,-0.79151,0.47617,0.44585,0.94156,0.12331,Used in Last Week,1,5
1428,326,35-44,F,6,UK,White,-0.79151,1.2861,-0.17779,0.94156,2.33337,Used in Last Week,1,5
1430,333,55-64,F,4,Canada,White,-0.46725,-0.43999,-1.55521,0.94156,0.7583,Never Used,1,1
1431,341,45-54,F,6,UK,White,-0.14882,-0.30033,-0.58331,0.94156,0.7583,Used in Last Week,1,5
1432,343,55-64,F,6,UK,White,-1.69163,0.96248,-0.31776,0.94156,1.81175,Used in Last Week,1,5
1433,347,35-44,F,7,UK,White,0.04257,0.47617,-0.17779,0.94156,0.25953,Used in Last Decade,1,2
1434,363,35-44,F,6,UK,White,0.62967,0.63779,1.06238,0.94156,1.30612,Used in Last Week,1,5
1437,426,45-54,F,9,USA,White,0.52135,0.00332,1.65653,0.94156,-0.00665,Used in Last Year,1,3
1438,432,25-34,F,4,UK,White,0.04257,0.32197,-0.97631,0.94156,-1.0145,Used in Last Week,1,5
1439,480,25-34,F,7,UK,White,0.41667,0.80523,-0.31776,0.94156,0.58489,Used in Last Day,1,6
1440,538,18-24,F,7,UK,White,1.37297,0.80523,-0.97631,0.94156,-0.65253,Used in Last Day,1,6
1441,560,18-24,F,7,UK,White,-0.46725,-0.15487,-0.58331,0.94156,-0.14277,Used in Last Week,1,5
1442,568,18-24,F,7,UK,White,0.91093,1.11406,-0.97631,0.94156,0.58489,Used in Last Week,1,5
1443,589,25-34,F,2,UK,White,-0.46725,1.58487,0.44585,0.94156,0.12331,Used in Last Week,1,5
1445,606,35-44,F,5,USA,White,0.41667,0.32197,0.29338,0.94156,0.41594,Used in Last Week,1,5
1446,688,45-54,F,1,Australia,White,-0.92104,0.63779,-0.97631,0.94156,0.25953,Used in Last Month,1,4
1447,724,25-34,F,7,UK,White,-0.92104,1.45421,0.29338,0.94156,0.58489,Used in Last Week,1,5
1448,764,18-24,F,7,UK,White,1.13281,0.80523,0.58331,0.94156,-1.5184,Used in Last Week,1,5
1449,772,18-24,F,8,UK,Asian,0.52135,-1.37639,-1.82919,0.94156,0.25953,Never Used,1,1
1454,870,18-24,F,5,USA,White,-1.32828,0.32197,0.7233,0.94156,1.63088,Used in Last Week,1,5
1455,916,18-24,F,5,USA,White,-1.1943,2.32338,1.24033,0.94156,0.93949,Used in Last Week,1,5
1456,933,25-34,F,7,Australia,White,0.73545,-0.69509,1.24033,0.94156,0.41594,Used in Last Month,1,4
1462,1164,25-34,F,9,UK,White,-0.14882,-0.94779,0.29338,0.94156,2.04506,Used in Last Week,1,5
1464,1271,25-34,F,6,UK,White,-1.32828,-0.15487,-1.11902,0.94156,0.12331,Used in Last Year,1,3
1465,1279,35-44,F,6,USA,White,-1.1943,-0.30033,0.7233,0.94156,1.13407,Used in Last Month,1,4
1466,1302,18-24,F,5,USA,White,0.22393,1.2861,0.14143,0.94156,1.13407,Used in Last Year,1,3
1467,1305,18-24,F,5,USA,White,-0.46725,0.80523,1.65653,0.94156,-1.38502,Used in Last Week,1,5
1469,1319,18-24,F,5,USA,Asian,0.41667,-1.23177,-0.45174,0.94156,-0.14277,Used in Last Week,1,5
1471,1403,25-34,F,7,UK,White,0.91093,0.00332,0.88309,0.94156,-0.52745,Used in Last Day,1,6
1472,1444,35-44,F,9,UK,White,-0.46725,0.96248,0.7233,0.94156,0.58489,Used in Last Day,1,6
1473,1446,45-54,F,8,UK,White,-1.43907,0.16767,0.29338,0.94156,1.13407,Used in Last Week,1,5
1475,1481,25-34,F,5,USA,Other,1.37297,0.32197,0.7233,0.94156,0.12331,Used in Last Year,1,3
1476,1486,25-34,F,9,UK,White,-1.05308,1.45421,-0.84732,0.94156,0.58489,Used in Last Week,1,5
1478,1554,45-54,F,6,UK,White,-0.58016,-0.57545,-1.27553,0.94156,0.93949,Used in Last Day,1,6
1479,1576,35-44,F,7,UK,White,-0.05188,0.96248,-1.11902,0.94156,1.63088,Used in Last Year,1,3
1480,1604,25-34,F,7,UK,White,-0.05188,2.8595,1.88511,0.94156,-0.89891,Used in Last Month,1,4
1481,1610,25-34,F,7,UK,White,-0.14882,-1.09207,-1.68062,0.94156,0.7583,Used in Last Month,1,4
1482,1642,45-54,F,6,UK,White,1.02119,0.00332,-0.17779,0.94156,0.93949,Used in Last Week,1,5
1485,1708,18-24,F,6,UK,White,-0.46725,0.80523,-0.58331,0.94156,-0.14277,Used in Last Week,1,5
1486,1710,45-54,F,7,UK,White,-1.05308,1.2861,-0.84732,0.94156,-0.14277,Used in Last Day,1,6
1487,1720,25-34,F,7,UK,White,0.04257,-0.43999,-0.01928,0.94156,-1.38502,Used in Last Week,1,5
1489,1735,45-54,F,6,UK,White,-1.05308,0.80523,-0.58331,0.94156,1.46191,Used in Last Week,1,5
1490,1739,55-64,F,1,UK,White,-0.14882,0.16767,-0.71727,0.94156,0.58489,Used in Last Week,1,5
1494,72,45-54,F,4,Canada,White,-0.46725,1.11406,-0.31776,1.11406,0.12331,Used in Last Week,1,5
1496,105,25-34,F,5,Canada,White,-0.92104,0.16767,-0.17779,1.11406,0.58489,Used in Last Week,1,5
1497,119,35-44,F,5,USA,White,1.8399,-1.92173,-2.39883,1.11406,0.25953,Used in Last Week,1,5
1498,157,35-44,F,5,UK,White,1.23461,0.00332,-0.31776,1.11406,0.12331,Used in Last Week,1,5
1499,180,35-44,F,6,UK,White,0.41667,-0.15487,-0.97631,1.11406,-0.65253,Used in Last Week,1,5
1500,188,55-64,F,2,UK,White,-0.79151,-0.80615,-1.97495,1.11406,0.58489,Used in Last Month,1,4
1501,201,18-24,F,7,UK,White,-0.58016,0.16767,-0.84732,1.11406,1.46191,Used in Last Day,1,6
1502,212,45-54,F,2,UK,White,-0.67825,-0.57545,-1.11902,1.11406,0.93949,Used in Last Week,1,5
1503,216,25-34,F,7,Canada,White,1.60383,-0.30033,-0.71727,1.11406,-0.40581,Used in Last Week,1,5
1504,220,35-44,F,5,UK,White,-0.34799,-0.57545,0.14143,1.11406,0.25953,Used in Last Day,1,6
1505,223,35-44,F,7,UK,White,-0.24649,0.63779,0.7233,1.11406,0.25953,Used in Last Day,1,6
1509,329,25-34,F,6,UK,White,0.22393,-0.30033,-1.27553,1.11406,-0.52745,Used in Last Week,1,5
1510,385,45-54,F,7,UK,White,0.13606,-0.30033,-0.45174,1.11406,0.7583,Used in Last Week,1,5
1511,467,18-24,F,7,UK,Asian,0.31287,0.63779,1.06238,1.11406,-0.27607,Never Used,1,1
1513,487,45-54,F,2,UK,White,-0.46725,0.32197,-1.55521,1.11406,-0.78155,Used in Last Day,1,6
1515,573,18-24,F,8,UK,White,-1.69163,1.93886,-0.17779,1.11406,1.81175,Used in Last Day,1,6
1516,580,45-54,F,8,UK,White,1.02119,-0.15487,0.29338,1.11406,1.46191,Used in Last Day,1,6
1517,611,55-64,F,6,Canada,White,1.23461,-0.80615,-1.42424,1.11406,-1.5184,Used in Last Month,1,4
1519,661,25-34,F,8,UK,Black,-1.32828,0.47617,-0.01928,1.11406,0.12331,Used in Last Day,1,6
1522,752,25-34,F,6,UK,White,-2.3436,1.45421,-1.82919,1.11406,1.30612,Used in Last Day,1,6
1525,763,25-34,F,7,Australia,White,-1.32828,0.80523,1.43533,1.11406,0.12331,Used in Last Day,1,6
1526,846,18-24,F,5,USA,White,0.31287,0.80523,1.06238,1.11406,-0.52745,Used in Last Week,1,5
1527,848,18-24,F,6,Canada,White,0.52135,-0.43999,-1.55521,1.11406,-0.65253,Used in Last Decade,1,2
1528,891,18-24,F,5,USA,White,0.41667,0.80523,1.24033,1.11406,0.58489,Used in Last Week,1,5
1530,934,18-24,F,3,USA,White,1.13281,-1.92173,-0.01928,1.11406,-0.78155,Used in Last Year,1,3
1531,968,18-24,F,5,USA,White,-0.58016,0.32197,0.58331,1.11406,0.25953,Used in Last Month,1,4
1534,1083,18-24,F,8,UK,White,-1.1943,1.58487,0.29338,1.11406,1.30612,Used in Last Week,1,5
1535,1092,25-34,F,7,UK,White,-1.05308,1.45421,0.14143,1.11406,-0.27607,Used in Last Day,1,6
1536,1094,45-54,F,2,UK,White,-0.46725,0.63779,-1.11902,1.11406,0.12331,Used in Last Month,1,4
1537,1120,25-34,F,7,USA,White,-1.69163,2.57309,2.90161,1.11406,-0.27607,Used in Last Day,1,6
1542,1262,25-34,F,5,UK,White,1.49158,-0.57545,1.06238,1.11406,-0.78155,Used in Last Month,1,4
1544,1366,35-44,F,7,USA,White,-0.05188,-0.94779,0.29338,1.11406,-0.89891,Used in Last Day,1,6
1546,1447,25-34,F,8,UK,White,-0.67825,0.96248,0.29338,1.11406,2.04506,Used in Last Month,1,4
1547,1452,25-34,F,9,UK,White,-1.05308,-0.57545,-0.01928,1.11406,1.81175,Used in Last Week,1,5
1548,1460,18-24,F,7,UK,White,-0.92104,0.80523,-0.01928,1.11406,-0.65253,Used in Last Week,1,5
1549,1593,45-54,F,7,UK,White,-0.79151,1.93886,-0.45174,1.11406,0.41594,Used in Last Week,1,5
1550,1612,25-34,F,7,UK,White,-0.34799,-0.43999,-1.42424,1.11406,0.93949,Used in Last Year,1,3
1551,1615,35-44,F,9,UK,White,-1.1943,0.47617,1.24033,1.11406,3.00537,Used in Last Week,1,5
1552,1677,25-34,F,7,UK,White,2.28554,-2.11437,-0.97631,1.11406,-0.65253,Used in Last Year,1,3
1554,1818,18-24,F,5,USA,Other,-0.05188,-1.23177,0.29338,1.11406,0.25953,Used in Last Month,1,4
1560,142,35-44,F,2,UK,White,-0.79151,0.63779,-1.11902,1.2861,0.58489,Used in Last Week,1,5
1562,176,55-64,F,7,UK,White,0.62967,0.00332,0.44585,1.2861,0.12331,Used in Last Week,1,5
1563,183,35-44,F,5,UK,White,0.31287,0.80523,-0.31776,1.2861,0.7583,Used in Last Week,1,5
1565,215,25-34,F,6,UK,White,-0.14882,1.11406,0.44585,1.2861,1.30612,Used in Last Week,1,5
1566,256,35-44,F,8,UK,White,-1.1943,1.74091,1.06238,1.2861,0.7583,Used in Last Week,1,5
1567,352,35-44,F,5,UK,White,1.02119,-0.57545,0.88309,1.2861,-0.65253,Used in Last Month,1,4
1568,407,18-24,F,1,UK,White,0.13606,1.58487,1.88511,1.2861,-0.00665,Used in Last Week,1,5
1569,425,35-44,F,7,UK,Mixed-White/Asian,-1.05308,0.80523,-0.71727,1.2861,0.93949,Used in Last Day,1,6
1570,434,45-54,F,2,UK,White,0.22393,1.93886,-1.11902,1.2861,-0.14277,Used in Last Day,1,6
1571,474,18-24,F,1,UK,White,0.31287,0.00332,-0.17779,1.2861,-0.00665,Used in Last Week,1,5
1572,579,25-34,F,7,UK,White,1.02119,0.80523,-0.71727,1.2861,-0.14277,Used in Last Month,1,4
1573,607,55-64,F,8,USA,White,-2.52197,1.11406,1.88511,1.2861,-1.0145,Used in Last Week,1,5
1576,644,25-34,F,8,UK,Black,-1.05308,0.63779,-0.31776,1.2861,1.30612,Used in Last Week,1,5
1577,696,35-44,F,8,UK,White,-0.14882,-0.43999,-0.01928,1.2861,1.81175,Used in Last Day,1,6
1579,754,25-34,F,8,UK,White,0.41667,1.11406,-0.58331,1.2861,0.41594,Used in Last Week,1,5
1585,1012,18-24,F,5,USA,White,-0.58016,1.45421,1.88511,1.2861,-0.78155,Used in Last Day,1,6
1589,1171,35-44,F,7,USA,White,-1.1943,1.2861,1.43533,1.2861,0.25953,Used in Last Day,1,6
1590,1249,45-54,F,6,UK,White,-0.58016,-0.30033,-0.31776,1.2861,0.58489,Used in Last Week,1,5
1593,1402,25-34,F,7,UK,White,0.62967,0.16767,0.14143,1.2861,0.41594,Used in Last Week,1,5
1594,1408,25-34,F,8,UK,White,-0.79151,0.80523,1.24033,1.2861,0.41594,Used in Last Week,1,5
1595,1443,25-34,F,8,UK,White,1.02119,-0.94779,-0.71727,1.2861,0.93949,Used over a Decade Ago,1,Used over a Decade Ago
1596,1449,25-34,F,7,USA,Black,-1.1943,1.45421,0.58331,1.2861,1.63088,Used in Last Week,1,5
1597,1469,25-34,F,8,UK,White,-0.14882,-0.80615,-1.27553,1.2861,0.12331,Used in Last Month,1,4
1598,1506,35-44,F,6,USA,White,1.72012,-2.72827,0.29338,1.2861,-0.78155,Used in Last Week,1,5
1600,1567,35-44,F,6,UK,White,0.82562,0.80523,0.29338,1.2861,0.25953,Used in Last Week,1,5
1601,1580,45-54,F,8,UK,White,0.41667,-0.43999,1.43533,1.2861,0.7583,Used in Last Month,1,4
1602,1581,35-44,F,2,UK,White,-0.46725,0.16767,-0.45174,1.2861,0.58489,Used in Last Day,1,6
1603,1651,25-34,F,7,UK,White,0.04257,1.58487,1.24033,1.2861,0.58489,Used in Last Week,1,5
1604,1679,45-54,F,6,UK,White,-0.24649,0.80523,-1.68062,1.2861,1.13407,Used in Last Week,1,5
1605,1682,45-54,F,5,UK,White,-0.24649,1.58487,-0.84732,1.2861,0.58489,Used in Last Week,1,5
1606,1715,45-54,F,2,UK,White,-0.05188,-0.30033,-1.68062,1.2861,1.46191,Used in Last Week,1,5
1611,1827,18-24,F,7,USA,White,0.22393,-0.30033,0.88309,1.2861,-0.00665,Used in Last Month,1,4
1613,84,55-64,F,3,UK,Mixed-White/Black,1.02119,-0.94779,-1.11902,1.45039,-1.64101,Used in Last Year,1,3
1614,165,25-34,F,9,UK,White,0.13606,0.32197,-1.55521,1.45039,1.13407,Used in Last Year,1,3
1615,217,25-34,F,6,UK,White,0.22393,1.11406,0.29338,1.45039,-0.00665,Used in Last Week,1,5
1617,227,45-54,F,7,UK,White,-0.46725,0.47617,-0.71727,1.45039,1.46191,Used in Last Week,1,5
1618,291,35-44,F,6,UK,Black,-0.92104,0.96248,-0.84732,1.45039,0.93949,Never Used,1,1
1621,481,25-34,F,8,Australia,White,0.41667,-0.43999,1.43533,1.45039,0.25953,Used in Last Day,1,6
1622,536,35-44,F,8,UK,White,-1.86962,2.32338,-0.45174,1.45039,1.46191,Used in Last Day,1,6
1623,559,25-34,F,7,UK,White,-1.69163,0.96248,-0.17779,1.45039,1.30612,Used in Last Month,1,4
1627,946,18-24,F,5,USA,White,-0.34799,-1.09207,-0.58331,1.45039,-0.89891,Used in Last Month,1,4
1628,969,18-24,F,5,USA,White,-0.24649,0.16767,1.88511,1.45039,-0.40581,Used in Last Week,1,5
1630,1141,18-24,F,5,USA,White,-0.92104,0.47617,0.14143,1.45039,-0.27607,Used in Last Day,1,6
1631,1144,18-24,F,5,USA,White,1.98437,-1.92173,1.24033,1.45039,-1.13788,Used in Last Day,1,6
1633,1244,45-54,F,7,UK,White,-0.92104,-1.92173,-1.42424,1.45039,0.93949,Used in Last Month,1,4
1634,1256,45-54,F,7,UK,White,1.37297,-0.69509,0.29338,1.45039,0.12331,Used in Last Day,1,6
1636,1378,25-34,F,8,UK,White,0.62967,0.32197,-0.45174,1.45039,0.93949,Used in Last Week,1,5
1637,1397,25-34,F,8,UK,White,1.72012,-0.43999,-1.27553,1.45039,-0.89891,Used in Last Week,1,5
1638,1411,25-34,F,7,UK,White,-0.58016,-0.43999,0.58331,1.45039,1.30612,Used in Last Year,1,3
1639,1442,45-54,F,8,UK,White,-1.1943,-0.15487,0.14143,1.45039,1.30612,Used in Last Day,1,6
1640,1457,45-54,F,8,UK,White,-2.05048,0.63779,0.14143,1.45039,1.63088,Used in Last Week,1,5
1642,1541,18-24,F,5,USA,White,0.62967,-0.15487,1.88511,1.45039,0.12331,Used in Last Day,1,6
1643,1566,45-54,F,6,UK,White,-0.46725,-0.30033,-1.42424,1.45039,2.04506,Used in Last Day,1,6
1644,1578,25-34,F,8,UK,White,-0.24649,0.80523,-0.58331,1.45039,0.93949,Used in Last Week,1,5
1645,1591,35-44,F,7,UK,White,0.82562,-0.69509,-0.84732,1.45039,1.13407,Used in Last Week,1,5
1646,1694,25-34,F,7,UK,White,-0.46725,0.80523,-0.97631,1.45039,1.13407,Used in Last Week,1,5
1647,1748,45-54,F,5,UK,White,0.13606,0.80523,0.44585,1.45039,-0.14277,Used in Last Day,1,6
1648,1840,25-34,F,6,Australia,White,-1.55078,0.96248,1.88511,1.45039,0.25953,Used in Last Month,1,4
1649,1841,55-64,F,7,USA,White,0.41667,0.63779,0.44585,1.45039,-0.14277,Used in Last Decade,1,2
1651,163,25-34,F,7,New Zealand,White,0.22393,0.00332,-0.17779,1.61108,0.93949,Used in Last Year,1,3
1652,240,45-54,F,6,UK,White,-1.86962,0.63779,0.7233,1.61108,0.25953,Used in Last Week,1,5
1653,241,35-44,F,8,UK,White,0.62967,-1.23177,-0.01928,1.61108,2.63199,Used in Last Month,1,4
1654,264,55-64,F,1,UK,White,-1.05308,0.00332,-0.01928,1.61108,1.13407,Used in Last Week,1,5
1655,290,25-34,F,8,UK,White,-2.05048,0.63779,-0.71727,1.61108,1.13407,Used in Last Month,1,4
1656,300,35-44,F,7,UK,White,0.13606,-0.30033,-1.42424,1.61108,0.41594,Used in Last Week,1,5
1657,306,45-54,F,7,UK,White,-1.05308,-2.32338,-1.27553,1.61108,0.12331,Used in Last Month,1,4
1659,376,55-64,F,8,UK,White,-0.24649,1.2861,0.88309,1.61108,1.13407,Used in Last Day,1,6
1661,471,45-54,F,2,USA,White,2.82196,-1.6334,-1.42424,1.61108,-2.04506,Used in Last Year,1,3
1662,534,18-24,F,7,UK,White,-0.24649,0.16767,-0.71727,1.61108,1.13407,Used in Last Month,1,4
1663,630,25-34,F,9,UK,White,1.23461,-1.09207,-1.27553,1.61108,0.25953,Used in Last Week,1,5
1664,651,45-54,F,8,UK,White,-0.46725,2.127,2.44904,1.61108,0.12331,Used in Last Week,1,5
1665,698,45-54,F,7,Canada,Other,-1.69163,-0.30033,1.06238,1.61108,-0.00665,Used in Last Month,1,4
1666,726,25-34,F,8,UK,White,0.31287,0.63779,0.7233,1.61108,0.25953,Used in Last Week,1,5
1667,736,25-34,F,7,UK,White,0.22393,2.127,2.44904,1.61108,-0.65253,Used in Last Month,1,4
1668,750,35-44,F,9,UK,White,-1.69163,0.96248,-0.97631,1.61108,2.04506,Used in Last Week,1,5
1670,920,18-24,F,5,USA,White,1.72012,-1.6334,-0.17779,1.61108,0.41594,Used in Last Year,1,3
1672,979,35-44,F,8,UK,White,-0.58016,1.45421,-1.27553,1.61108,-0.40581,Used in Last Week,1,5
1673,1051,18-24,F,5,USA,White,1.02119,0.47617,1.43533,1.61108,-0.65253,Used in Last Week,1,5
1675,1179,25-34,F,5,USA,White,-0.46725,0.32197,0.14143,1.61108,0.12331,Used in Last Week,1,5
1677,1247,45-54,F,6,UK,White,-1.32828,-0.30033,-2.21069,1.61108,-1.25773,Used in Last Year,1,3
1678,1398,18-24,F,7,UK,White,-0.58016,0.47617,0.88309,1.61108,0.58489,Used in Last Week,1,5
1679,1468,55-64,F,7,USA,White,-1.86962,0.80523,0.88309,1.61108,0.93949,Used in Last Month,1,4
1680,1484,25-34,F,7,UK,White,-0.24649,0.47617,0.7233,1.61108,-0.14277,Used in Last Week,1,5
1681,1558,25-34,F,5,UK,White,-1.32828,1.58487,-0.58331,1.61108,1.13407,Used in Last Week,1,5
1682,1575,45-54,F,6,UK,White,1.02119,0.32197,0.7233,1.61108,-0.52745,Used in Last Year,1,3
1683,1662,18-24,F,1,UK,White,-0.67825,-0.15487,-0.31776,1.61108,-0.27607,Used in Last Decade,1,2
1684,1816,18-24,F,8,UK,White,0.13606,0.32197,-0.97631,1.61108,0.93949,Used in Last Day,1,6
1685,42,35-44,F,7,UK,White,0.82562,0.00332,1.06238,1.81866,-0.40581,Used in Last Month,1,4
1686,136,35-44,F,2,UK,White,-1.69163,1.58487,-0.58331,1.81866,1.63088,Used over a Decade Ago,1,Used over a Decade Ago
1687,137,45-54,F,7,UK,White,-0.14882,-0.30033,-1.68062,1.81866,1.63088,Used in Last Week,1,5
1689,200,45-54,F,6,UK,White,-0.46725,2.32338,0.7233,1.81866,1.30612,Used in Last Month,1,4
1690,213,25-34,F,6,UK,White,0.13606,0.63779,-0.84732,1.81866,0.58489,Used in Last Day,1,6
1691,322,35-44,F,5,UK,White,0.52135,-0.30033,-0.97631,1.81866,1.63088,Used in Last Week,1,5
1692,346,35-44,F,8,UK,White,-1.86962,0.16767,1.43533,1.81866,1.13407,Used over a Decade Ago,1,Used over a Decade Ago
1697,601,45-54,F,8,UK,White,0.73545,-0.57545,-0.58331,1.81866,0.12331,Used in Last Day,1,6
1700,716,18-24,F,5,USA,White,0.62967,0.47617,1.06238,1.81866,0.25953,Used in Last Week,1,5
1703,890,18-24,F,5,USA,White,-1.05308,1.45421,1.65653,1.81866,-0.78155,Used in Last Week,1,5
1706,1270,25-34,F,8,UK,White,-0.05188,-0.43999,-0.45174,1.81866,0.25953,Used in Last Week,1,5
1707,1329,18-24,F,7,USA,White,-0.67825,0.80523,1.06238,1.81866,0.25953,Used in Last Week,1,5
1710,1419,25-34,F,8,Republic of Ireland,White,-0.14882,-0.30033,-1.27553,1.81866,-0.27607,Used in Last Week,1,5
1711,1445,35-44,F,8,UK,White,-0.67825,-0.43999,-1.11902,1.81866,0.93949,Used in Last Day,1,6
1712,1458,25-34,F,9,UK,White,0.52135,-1.09207,-0.45174,1.81866,0.41594,Used in Last Month,1,4
1715,1585,35-44,F,8,UK,White,0.73545,2.32338,0.14143,1.81866,0.12331,Used in Last Week,1,5
1716,1654,25-34,F,9,UK,White,-0.79151,0.96248,-0.31776,1.81866,1.46191,Used in Last Week,1,5
1717,1726,25-34,F,2,UK,White,-1.1943,-1.23177,-2.21069,1.81866,0.58489,Used in Last Year,1,3
1718,1728,18-24,F,2,UK,White,-1.69163,0.32197,-1.82919,1.81866,0.7583,Used in Last Month,1,4
1720,6,65+,F,4,Canada,White,-0.67825,-0.30033,-1.55521,2.03972,1.63088,Used in Last Decade,1,2
1721,150,45-54,F,7,UK,White,-0.79151,1.93886,-0.71727,2.03972,1.63088,Used in Last Month,1,4
1722,249,45-54,F,9,UK,White,-2.42317,0.16767,-0.31776,2.03972,1.81175,Used in Last Week,1,5
1723,527,45-54,F,7,Australia,White,-0.67825,0.63779,1.06238,2.03972,2.63199,Used in Last Week,1,5
1725,649,35-44,F,8,USA,White,1.13281,0.16767,1.06238,2.03972,-1.0145,Used in Last Day,1,6
1726,663,25-34,F,7,UK,White,0.04257,0.16767,0.29338,2.03972,1.81175,Used in Last Week,1,5
1728,961,45-54,F,5,USA,White,-0.05188,-0.69509,0.7233,2.03972,-0.40581,Used in Last Week,1,5
1729,1070,25-34,F,9,UK,White,-0.92104,0.00332,1.06238,2.03972,2.04506,Used in Last Day,1,6
1731,1537,18-24,F,5,USA,Other,-0.46725,0.80523,0.29338,2.03972,1.81175,Used in Last Week,1,5
1732,1666,25-34,F,7,UK,White,-0.58016,0.47617,-0.71727,2.03972,0.93949,Used in Last Week,1,5
1733,1688,25-34,F,6,Canada,White,1.49158,-2.32338,-1.11902,2.03972,-0.27607,Used in Last Day,1,6
1734,1736,25-34,F,8,UK,White,-2.42317,0.32197,-2.21069,2.03972,2.04506,Used in Last Week,1,5
1736,146,45-54,F,7,UK,White,-0.46725,0.16767,-1.11902,2.23427,0.7583,Used in Last Month,1,4
1737,236,25-34,F,6,UK,White,0.04257,0.96248,-1.27553,2.23427,2.04506,Used in Last Week,1,5
1738,253,18-24,F,8,UK,White,-1.43907,0.96248,-0.58331,2.23427,2.04506,Used in Last Week,1,5
1739,435,18-24,F,7,UK,White,-0.14882,0.96248,-1.55521,2.23427,1.63088,Used in Last Week,1,5
1740,633,18-24,F,7,UK,White,0.41667,-0.15487,-0.31776,2.23427,1.13407,Used in Last Week,1,5
1744,1040,18-24,F,5,USA,White,0.22393,-0.80615,0.7233,2.23427,1.13407,Used in Last Week,1,5
1745,1108,25-34,F,9,UK,White,-0.14882,-0.30033,-0.45174,2.23427,1.63088,Used in Last Month,1,4
1746,1113,18-24,F,5,USA,White,0.22393,-0.15487,-0.31776,2.23427,1.46191,Used in Last Week,1,5
1747,1184,25-34,F,6,Australia,White,0.41667,-0.43999,-0.58331,2.23427,-0.78155,Used in Last Day,1,6
1748,1310,25-34,F,8,Republic of Ireland,White,-1.43907,2.8595,0.7233,2.23427,0.25953,Used in Last Week,1,5
1749,1746,25-34,F,2,UK,White,-1.86962,0.96248,-0.97631,2.23427,2.33337,Used in Last Month,1,4
1750,132,45-54,F,2,UK,Other,-1.55078,-0.15487,-1.27553,2.46262,0.58489,Used in Last Month,1,4
1751,348,45-54,F,7,UK,White,-0.14882,1.74091,1.65653,2.46262,0.25953,Used in Last Day,1,6
1753,1093,18-24,F,8,UK,White,0.62967,1.45421,-0.17779,2.46262,-0.52745,Used in Last Week,1,5
1755,1692,25-34,F,9,UK,White,-1.43907,0.80523,-0.01928,2.46262,-0.27607,Used in Last Week,1,5
1756,1721,25-34,F,7,UK,White,0.41667,1.11406,-1.11902,2.46262,1.30612,Never Used,1,1
1757,447,25-34,F,7,UK,White,0.22393,-1.09207,0.44585,2.75696,-0.65253,Used in Last Day,1,6
1758,1039,35-44,F,8,USA,White,1.23461,-1.50796,-0.01928,2.75696,-0.78155,Used in Last Day,1,6
1759,1405,18-24,F,7,UK,White,-2.42317,0.16767,-1.82919,2.75696,-0.89891,Used in Last Week,1,5
1760,1434,25-34,F,8,UK,Mixed-White/Black,0.31287,-0.94779,-0.58331,2.75696,1.46191,Used in Last Week,1,5
1761,1592,45-54,F,6,UK,White,-2.05048,0.80523,-0.97631,2.75696,1.13407,Used in Last Week,1,5
1762,1632,35-44,F,6,UK,White,-2.21844,0.47617,-0.17779,2.75696,1.13407,Used in Last Week,1,5
1763,1767,25-34,F,7,USA,White,0.82562,-1.23177,1.24033,2.75696,0.25953,Used in Last Week,1,5
1764,548,45-54,F,5,USA,White,-0.92104,-0.43999,0.88309,3.15735,-0.00665,Used in Last Decade,1,2
