,Unnamed: 0,no,age,gender,education,country,ethnicity,Nscore,Escore,Oscore,AScore,Cscore,Alcohol,value,freq
1,1,1140,25-34,M,5,USA,White,0.52135,-1.23177,0.44585,-3.15735,-0.52745,Used in Last Day,1,6
20,20,457,35-44,M,7,UK,White,1.60383,-0.43999,0.29338,-2.21844,-0.65253,Used in Last Day,1,6
22,22,1209,18-24,M,6,USA,Other,0.13606,0.00332,0.7233,-2.21844,1.46191,Used in Last Day,1,6
24,24,1432,18-24,F,5,USA,White,1.23461,1.11406,-0.58331,-2.21844,-0.65253,Used in Last Day,1,6
29,29,417,18-24,M,4,UK,White,-0.58016,-1.09207,-0.58331,-2.07848,2.63199,Used in Last Day,1,6
31,31,603,18-24,M,5,USA,White,0.52135,-1.6334,-1.11902,-2.07848,0.58489,Used in Last Day,1,6
38,38,19,55-64,M,7,Australia,White,1.37297,-0.15487,-0.17779,-1.92595,-1.5184,Used in Last Day,1,6
40,40,71,25-34,M,5,UK,White,-0.34799,-0.30033,0.14143,-1.92595,-0.27607,Used in Last Day,1,6
44,44,813,45-54,F,7,USA,White,1.23461,1.74091,0.88309,-1.92595,-1.64101,Used in Last Day,1,6
48,48,1022,18-24,M,7,USA,White,0.13606,-0.94779,1.06238,-1.92595,0.7583,Used in Last Day,1,6
49,49,1054,18-24,M,4,Canada,White,1.23461,-0.57545,-1.55521,-1.92595,-2.04506,Used in Last Day,1,6
59,59,461,18-24,F,7,UK,White,1.23461,-1.37639,1.24033,-1.772,0.25953,Used in Last Day,1,6
60,60,478,35-44,M,7,UK,White,1.72012,-0.94779,0.58331,-1.772,-0.40581,Used in Last Day,1,6
63,63,572,35-44,F,6,Australia,White,0.22393,1.11406,-1.11902,-1.772,-0.40581,Used in Last Day,1,6
64,64,806,18-24,F,7,Canada,White,1.98437,-1.50796,1.43533,-1.772,0.41594,Used in Last Day,1,6
70,70,1367,18-24,F,2,Canada,White,0.13606,-0.30033,-0.01928,-1.772,-2.18109,Used in Last Day,1,6
72,72,1490,25-34,F,5,USA,White,-0.46725,-0.43999,-0.17779,-1.772,-1.25773,Used in Last Day,1,6
73,73,1509,18-24,F,7,UK,White,1.02119,-0.69509,0.88309,-1.772,-0.40581,Used in Last Day,1,6
74,74,1555,18-24,M,5,UK,White,-0.05188,-2.32338,-0.84732,-1.772,-0.40581,Used in Last Day,1,6
76,76,1881,18-24,M,3,USA,White,1.49158,-1.92173,-0.58331,-1.772,0.58489,Used in Last Day,1,6
78,78,3,35-44,M,6,UK,White,-0.46725,0.80523,-0.84732,-1.6209,-1.0145,Used in Last Day,1,6
81,81,79,35-44,M,5,UK,White,-0.79151,-0.80615,-2.09015,-1.6209,-2.18109,Used in Last Day,1,6
82,82,96,45-54,M,8,UK,White,-0.46725,0.32197,1.06238,-1.6209,1.13407,Used in Last Day,1,6
84,84,518,35-44,F,2,UK,White,-0.14882,0.16767,-0.71727,-1.6209,0.25953,Used in Last Day,1,6
86,86,592,35-44,F,7,UK,White,0.41667,-0.43999,-0.31776,-1.6209,1.63088,Used in Last Day,1,6
87,87,615,25-34,F,8,UK,White,1.98437,-0.30033,-0.31776,-1.6209,-0.65253,Used in Last Day,1,6
88,88,648,18-24,M,5,USA,White,-1.43907,1.45421,1.06238,-1.6209,0.93949,Used in Last Day,1,6
91,91,866,18-24,M,5,Republic of Ireland,White,1.60383,-0.57545,-0.17779,-1.6209,-0.65253,Used in Last Day,1,6
94,94,1018,25-34,M,5,USA,White,0.31287,-2.5383,-0.84732,-1.6209,-2.57309,Used in Last Day,1,6
105,105,31,45-54,M,2,UK,White,0.31287,-0.80615,-1.27553,-1.47955,-0.65253,Used in Last Day,1,6
109,109,397,35-44,M,7,UK,White,0.22393,1.2861,-0.45174,-1.47955,-0.78155,Used in Last Day,1,6
110,110,399,45-54,M,6,UK,White,0.13606,0.47617,-0.84732,-1.47955,0.41594,Used in Last Day,1,6
112,112,691,55-64,M,5,UK,White,0.41667,-0.69509,-1.42424,-1.47955,-0.14277,Used in Last Day,1,6
114,114,735,18-24,M,5,UK,White,0.73545,1.11406,1.43533,-1.47955,-1.78169,Used in Last Day,1,6
115,115,737,25-34,M,7,UK,White,-0.46725,-1.7625,-2.8595,-1.47955,-1.13788,Used in Last Day,1,6
117,117,970,18-24,M,5,USA,Black,-1.55078,1.2861,1.06238,-1.47955,0.93949,Used in Last Day,1,6
121,121,1223,18-24,F,4,USA,White,1.02119,-0.30033,0.14143,-1.47955,-0.65253,Used in Last Day,1,6
123,123,1314,18-24,F,5,USA,White,-1.32828,2.32338,-2.39883,-1.47955,-1.38502,Used in Last Day,1,6
127,127,1529,18-24,F,7,UK,White,-1.86962,1.93886,0.58331,-1.47955,0.12331,Used in Last Day,1,6
131,131,1690,35-44,M,5,USA,White,1.02119,-1.50796,-0.84732,-1.47955,-0.00665,Used in Last Day,1,6
136,136,103,45-54,M,4,UK,White,-0.58016,1.2861,1.43533,-1.34289,-0.00665,Used in Last Day,1,6
141,141,377,65+,M,6,UK,White,0.13606,0.16767,0.29338,-1.34289,1.46191,Used in Last Day,1,6
143,143,400,25-34,F,8,UK,White,-0.79151,0.32197,0.29338,-1.34289,0.93949,Used in Last Day,1,6
149,149,664,25-34,F,9,UK,White,1.23461,-1.23177,-0.31776,-1.34289,-1.38502,Used in Last Day,1,6
150,150,782,35-44,M,6,USA,White,1.02119,-0.94779,-0.84732,-1.34289,-0.78155,Used in Last Day,1,6
156,156,1043,35-44,M,7,UK,White,0.22393,-2.11437,-2.09015,-1.34289,-1.38502,Used in Last Day,1,6
159,159,1240,18-24,F,7,UK,White,-0.05188,0.16767,0.44585,-1.34289,0.41594,Used in Last Day,1,6
161,161,1299,35-44,F,7,USA,White,-2.05048,0.47617,0.58331,-1.34289,-0.52745,Used in Last Day,1,6
164,164,1516,18-24,M,5,USA,White,1.02119,-0.43999,-0.01928,-1.34289,-1.13788,Used in Last Day,1,6
166,166,1543,25-34,M,5,USA,White,0.82562,-3.00537,0.29338,-1.34289,-2.04506,Used in Last Day,1,6
172,172,51,35-44,M,8,UK,White,1.02119,-0.15487,-0.17779,-1.21213,-0.00665,Used in Last Day,1,6
175,175,145,45-54,M,6,Canada,White,0.13606,-1.09207,-0.45174,-1.21213,-0.00665,Used in Last Day,1,6
177,177,479,35-44,F,6,UK,White,1.49158,-0.69509,-0.71727,-1.21213,-1.25773,Used in Last Day,1,6
178,178,496,18-24,M,5,UK,White,0.73545,-1.6334,0.88309,-1.21213,-1.64101,Used in Last Day,1,6
179,179,544,35-44,M,3,UK,White,0.73545,0.80523,0.88309,-1.21213,-1.0145,Used in Last Day,1,6
186,186,727,18-24,M,6,UK,White,2.28554,-0.94779,0.7233,-1.21213,-0.52745,Used in Last Day,1,6
193,193,1134,25-34,M,8,New Zealand,White,0.62967,-0.69509,0.14143,-1.21213,-0.27607,Used in Last Day,1,6
199,199,1285,18-24,M,5,USA,White,1.98437,-0.94779,-0.01928,-1.21213,-1.25773,Used in Last Day,1,6
204,204,1526,18-24,M,2,Australia,White,0.82562,1.2861,0.29338,-1.21213,-0.89891,Used in Last Day,1,6
205,205,1528,18-24,M,5,USA,White,0.91093,0.00332,1.06238,-1.21213,-1.5184,Used in Last Day,1,6
206,206,1698,55-64,M,9,UK,White,-1.1943,0.00332,0.7233,-1.21213,1.13407,Used in Last Day,1,6
208,208,1774,25-34,F,8,USA,White,0.91093,0.63779,-0.45174,-1.21213,-0.78155,Used in Last Day,1,6
210,210,1811,18-24,M,7,USA,White,-0.58016,-1.23177,1.06238,-1.21213,0.93949,Used in Last Day,1,6
212,212,55,55-64,M,2,UK,White,0.04257,1.11406,-0.58331,-1.07533,-1.13788,Used in Last Day,1,6
213,213,121,25-34,F,8,UK,White,-1.05308,0.63779,-0.97631,-1.07533,0.7583,Used in Last Day,1,6
220,220,574,35-44,M,6,UK,White,1.23461,-1.23177,-1.68062,-1.07533,-0.65253,Used in Last Day,1,6
222,222,636,35-44,F,9,UK,White,1.23461,0.16767,-0.01928,-1.07533,-0.65253,Used in Last Day,1,6
224,224,809,18-24,F,5,USA,White,1.02119,0.80523,1.06238,-1.07533,-0.52745,Used in Last Day,1,6
225,225,827,18-24,M,7,USA,White,0.52135,0.63779,0.14143,-1.07533,1.30612,Used in Last Day,1,6
226,226,845,25-34,F,5,USA,White,0.52135,-0.43999,0.14143,-1.07533,-0.27607,Used in Last Day,1,6
227,227,850,18-24,M,4,USA,White,0.52135,0.63779,1.06238,-1.07533,-0.40581,Used in Last Day,1,6
229,229,896,25-34,F,3,UK,White,3.27393,-2.11437,-0.84732,-1.07533,-2.30408,Used in Last Day,1,6
230,230,906,35-44,F,7,USA,White,1.02119,-0.30033,1.06238,-1.07533,0.41594,Used in Last Day,1,6
232,232,973,25-34,M,5,Canada,White,0.41667,-1.6334,0.58331,-1.07533,0.93949,Used in Last Day,1,6
234,234,1025,18-24,M,5,USA,White,-0.67825,-0.30033,1.06238,-1.07533,-2.42317,Used in Last Day,1,6
240,240,1204,18-24,M,5,USA,White,-0.67825,0.80523,0.29338,-1.07533,-0.78155,Used in Last Day,1,6
251,251,1473,18-24,M,5,USA,White,-0.14882,0.47617,-0.17779,-1.07533,0.12331,Used in Last Day,1,6
252,252,1489,18-24,M,7,Australia,White,0.73545,0.00332,-0.17779,-1.07533,0.58489,Used in Last Day,1,6
254,254,1631,35-44,F,7,UK,White,-0.14882,0.47617,0.88309,-1.07533,-1.0145,Used in Last Day,1,6
256,256,1671,45-54,M,7,UK,White,0.62967,-0.80615,-1.82919,-1.07533,0.12331,Used in Last Day,1,6
263,263,1831,25-34,F,7,Australia,White,0.13606,-2.32338,0.29338,-1.07533,-0.89891,Used in Last Day,1,6
264,264,1866,45-54,M,1,USA,White,0.73545,-0.43999,0.44585,-1.07533,0.25953,Used in Last Day,1,6
266,266,1875,18-24,M,4,USA,White,1.02119,-0.43999,1.43533,-1.07533,0.12331,Used in Last Day,1,6
267,267,50,25-34,F,8,UK,Mixed-White/Black,0.82562,-0.57545,-1.97495,-0.91699,0.25953,Used in Last Day,1,6
280,280,275,35-44,M,8,UK,White,0.22393,0.96248,0.14143,-0.91699,0.58489,Used in Last Day,1,6
283,283,375,45-54,M,7,UK,White,-0.34799,-1.7625,0.7233,-0.91699,0.12331,Used in Last Day,1,6
285,285,438,45-54,M,2,UK,White,-1.43907,0.47617,0.29338,-0.91699,0.41594,Used in Last Day,1,6
288,288,569,18-24,M,7,UK,White,1.8399,0.63779,1.24033,-0.91699,-0.52745,Used in Last Day,1,6
289,289,571,35-44,F,9,UK,White,-0.34799,0.80523,-0.17779,-0.91699,2.63199,Used in Last Day,1,6
293,293,627,35-44,F,6,UK,White,-0.34799,-0.57545,-0.58331,-0.91699,0.25953,Used in Last Day,1,6
296,296,704,55-64,M,7,UK,White,-1.43907,0.80523,-0.17779,-0.91699,-0.14277,Used in Last Day,1,6
303,303,901,18-24,F,5,USA,White,1.8399,-0.94779,-0.97631,-0.91699,-1.0145,Used in Last Day,1,6
304,304,912,25-34,F,5,USA,Other,1.37297,0.47617,1.06238,-0.91699,-1.78169,Used in Last Day,1,6
305,305,983,18-24,M,5,UK,White,1.02119,1.11406,-1.11902,-0.91699,-1.0145,Used in Last Day,1,6
311,311,1119,18-24,M,5,USA,White,1.60383,-1.23177,-0.17779,-0.91699,-0.65253,Used in Last Day,1,6
314,314,1176,25-34,M,8,USA,White,0.31287,-0.80615,-0.01928,-0.91699,1.13407,Used in Last Day,1,6
316,316,1216,35-44,F,6,UK,White,0.73545,0.47617,-1.42424,-0.91699,0.12331,Used in Last Day,1,6
318,318,1258,25-34,F,8,UK,White,1.49158,-1.23177,-0.71727,-0.91699,-0.00665,Used in Last Day,1,6
320,320,1297,18-24,F,5,USA,White,-0.34799,0.47617,-0.17779,-0.91699,1.30612,Used in Last Day,1,6
328,328,1519,18-24,M,6,USA,White,0.04257,-1.6334,1.88511,-0.91699,0.12331,Used in Last Day,1,6
341,341,1848,18-24,F,7,USA,White,1.60383,-0.94779,1.24033,-0.91699,-1.38502,Used in Last Day,1,6
343,343,1880,25-34,M,5,Canada,Other,-0.14882,-0.57545,1.43533,-0.91699,-0.78155,Used in Last Day,1,6
345,345,27,55-64,F,4,Canada,White,-0.05188,-1.6334,-3.27393,-0.76096,0.58489,Used in Last Day,1,6
346,346,40,65+,F,6,UK,White,-0.24649,-0.94779,-1.11902,-0.76096,0.41594,Used in Last Day,1,6
352,352,184,18-24,F,7,UK,White,1.98437,-0.43999,0.29338,-0.76096,0.93949,Used in Last Day,1,6
354,354,229,45-54,M,8,UK,White,-0.67825,0.32197,-0.01928,-0.76096,-0.14277,Used in Last Day,1,6
358,358,304,55-64,F,6,UK,White,-0.14882,0.63779,-0.01928,-0.76096,-0.40581,Used in Last Day,1,6
359,359,396,25-34,M,6,UK,White,-1.43907,0.63779,-0.17779,-0.76096,1.81175,Used in Last Day,1,6
363,363,448,25-34,M,8,UK,White,0.04257,-0.15487,-0.84732,-0.76096,-1.13788,Used in Last Day,1,6
364,364,455,45-54,M,9,UK,White,-0.14882,-0.57545,0.88309,-0.76096,-0.27607,Used in Last Day,1,6
365,365,456,18-24,F,7,UK,White,0.82562,-0.80615,0.7233,-0.76096,-2.57309,Used in Last Day,1,6
372,372,545,25-34,F,7,UK,White,0.82562,0.63779,-0.97631,-0.76096,0.25953,Used in Last Day,1,6
378,378,768,25-34,M,8,New Zealand,White,0.82562,-0.69509,0.14143,-0.76096,-0.27607,Used in Last Day,1,6
380,380,835,45-54,F,9,USA,White,0.04257,0.16767,-0.01928,-0.76096,-0.78155,Used in Last Day,1,6
386,386,1013,25-34,M,5,USA,White,1.8399,-1.23177,0.44585,-0.76096,-1.38502,Used in Last Day,1,6
387,387,1041,18-24,M,5,USA,White,0.73545,-0.15487,0.58331,-0.76096,0.41594,Used in Last Day,1,6
388,388,1049,18-24,M,8,UK,White,-1.43907,2.57309,0.44585,-0.76096,0.58489,Used in Last Day,1,6
390,390,1169,18-24,M,4,USA,White,0.82562,-0.30033,1.43533,-0.76096,-1.0145,Used in Last Day,1,6
395,395,1294,25-34,F,8,USA,White,0.73545,2.127,1.24033,-0.76096,1.46191,Used in Last Day,1,6
397,397,1308,25-34,M,8,UK,White,-0.92104,-1.23177,-0.17779,-0.76096,0.12331,Used in Last Day,1,6
398,398,1338,18-24,F,7,UK,Black,0.13606,0.00332,-0.45174,-0.76096,0.7583,Used in Last Day,1,6
405,405,1565,35-44,F,7,UK,White,-0.05188,1.74091,-2.8595,-0.76096,2.63199,Used in Last Day,1,6
417,417,1871,18-24,F,5,USA,White,1.13281,-0.43999,0.29338,-0.76096,-0.14277,Used in Last Day,1,6
420,420,15,55-64,F,6,UK,White,-0.92104,1.45421,0.44585,-0.60633,1.63088,Used in Last Day,1,6
426,426,112,25-34,M,8,UK,White,0.31287,-1.09207,-0.84732,-0.60633,-0.65253,Used in Last Day,1,6
434,434,395,25-34,F,6,UK,White,-0.79151,-0.15487,-2.21069,-0.60633,1.46191,Used in Last Day,1,6
436,436,499,25-34,M,8,UK,White,0.04257,1.2861,2.90161,-0.60633,-0.00665,Used in Last Day,1,6
440,440,604,18-24,M,5,USA,White,1.98437,-0.94779,0.7233,-0.60633,-1.0145,Used in Last Day,1,6
446,446,678,25-34,M,7,UK,White,0.52135,-0.30033,0.44585,-0.60633,-0.65253,Used in Last Day,1,6
447,447,682,35-44,M,5,UK,White,-1.32828,0.00332,-1.27553,-0.60633,0.12331,Used in Last Day,1,6
449,449,705,35-44,M,5,USA,White,-0.79151,-0.30033,-0.58331,-0.60633,0.25953,Used in Last Day,1,6
453,453,730,25-34,F,2,Australia,White,-0.58016,0.32197,0.14143,-0.60633,0.12331,Used in Last Day,1,6
454,454,773,45-54,M,7,UK,White,1.23461,-1.37639,-0.45174,-0.60633,-1.78169,Used in Last Day,1,6
455,455,778,18-24,M,5,USA,Mixed-White/Asian,0.52135,0.63779,0.7233,-0.60633,-0.52745,Used in Last Day,1,6
460,460,864,18-24,M,7,UK,White,0.04257,-0.15487,-0.17779,-0.60633,-0.40581,Used in Last Day,1,6
464,464,904,25-34,F,8,USA,White,0.22393,-0.69509,0.29338,-0.60633,-1.13788,Used in Last Day,1,6
468,468,998,25-34,M,8,UK,White,1.13281,-0.30033,0.88309,-0.60633,0.93949,Used in Last Day,1,6
469,469,1034,18-24,M,5,USA,White,0.22393,-0.69509,0.14143,-0.60633,-0.27607,Used in Last Day,1,6
470,470,1035,18-24,F,5,UK,White,1.23461,-0.57545,0.44585,-0.60633,-1.0145,Used in Last Day,1,6
471,471,1056,25-34,M,2,UK,White,-0.79151,1.2861,1.65653,-0.60633,0.58489,Used in Last Day,1,6
473,473,1096,25-34,F,7,Australia,White,-1.43907,1.74091,-0.84732,-0.60633,0.58489,Used in Last Day,1,6
484,484,1339,35-44,M,6,Canada,White,0.13606,0.47617,0.29338,-0.60633,0.7583,Used in Last Day,1,6
487,487,1387,45-54,F,5,UK,White,-0.05188,-0.94779,1.06238,-0.60633,-0.27607,Used in Last Day,1,6
492,492,1422,25-34,M,5,USA,White,-0.14882,0.47617,0.7233,-0.60633,0.25953,Used in Last Day,1,6
493,493,1431,18-24,M,5,USA,White,-0.24649,1.45421,1.43533,-0.60633,-0.14277,Used in Last Day,1,6
497,497,1513,18-24,M,1,USA,White,2.28554,-0.69509,0.29338,-0.60633,-0.14277,Used in Last Day,1,6
502,502,1553,45-54,F,5,UK,White,-0.14882,-0.94779,-1.27553,-0.60633,0.41594,Used in Last Day,1,6
505,505,1589,35-44,M,2,UK,White,-1.32828,2.127,-0.58331,-0.60633,0.12331,Used in Last Day,1,6
512,512,1793,18-24,M,7,USA,White,0.62967,-1.50796,1.88511,-0.60633,3.00537,Used in Last Day,1,6
518,518,18,45-54,M,2,UK,White,0.52135,-1.23177,-0.31776,-0.45321,-1.38502,Used in Last Day,1,6
521,521,65,45-54,M,9,UK,White,-1.55078,0.47617,1.06238,-0.45321,0.93949,Used in Last Day,1,6
523,523,147,55-64,M,6,UK,White,0.22393,-1.23177,-0.17779,-0.45321,-0.27607,Used in Last Day,1,6
525,525,158,25-34,M,2,UK,White,-1.05308,1.11406,-1.82919,-0.45321,0.7583,Used in Last Day,1,6
526,526,166,45-54,M,8,UK,White,-0.24649,-0.30033,-0.31776,-0.45321,1.63088,Used in Last Day,1,6
530,530,226,35-44,F,7,UK,White,-1.32828,0.63779,0.88309,-0.45321,0.25953,Used in Last Day,1,6
531,531,232,65+,F,8,UK,White,0.13606,-1.09207,-0.45174,-0.45321,0.25953,Used in Last Day,1,6
533,533,268,35-44,M,6,UK,Black,-0.92104,1.45421,-1.27553,-0.45321,-0.00665,Used in Last Day,1,6
535,535,332,35-44,M,1,UK,White,-0.24649,-0.43999,-0.97631,-0.45321,0.58489,Used in Last Day,1,6
538,538,420,25-34,F,9,UK,White,0.31287,0.00332,1.06238,-0.45321,0.41594,Used in Last Day,1,6
540,540,516,35-44,M,2,UK,White,0.91093,-0.30033,-1.55521,-0.45321,-0.27607,Used in Last Day,1,6
545,545,628,35-44,M,7,UK,White,-0.05188,-0.43999,-0.84732,-0.45321,0.41594,Used in Last Day,1,6
547,547,686,25-34,M,7,Australia,White,-0.34799,0.16767,0.7233,-0.45321,-0.78155,Used in Last Day,1,6
550,550,761,25-34,M,7,Canada,White,0.04257,-0.94779,-0.84732,-0.45321,-0.65253,Used in Last Day,1,6
551,551,762,18-24,M,5,USA,White,1.72012,0.32197,-1.11902,-0.45321,-2.42317,Used in Last Day,1,6
554,554,823,18-24,M,5,UK,White,-0.05188,1.11406,0.7233,-0.45321,0.41594,Used in Last Day,1,6
556,556,872,25-34,M,7,USA,White,0.91093,-0.80615,1.06238,-0.45321,1.13407,Used in Last Day,1,6
558,558,900,25-34,M,7,USA,White,1.8399,-0.30033,-0.45174,-0.45321,-1.0145,Used in Last Day,1,6
559,559,918,18-24,M,4,USA,Mixed-White/Black,0.22393,0.00332,-0.01928,-0.45321,0.93949,Used in Last Day,1,6
560,560,951,18-24,F,7,USA,White,0.62967,0.00332,0.44585,-0.45321,-0.65253,Used in Last Day,1,6
566,566,1076,35-44,M,4,UK,White,0.31287,-0.69509,-0.45174,-0.45321,-0.14277,Used in Last Day,1,6
568,568,1085,18-24,F,8,UK,White,0.62967,1.11406,-0.84732,-0.45321,-1.25773,Used in Last Day,1,6
569,569,1190,55-64,F,9,USA,White,-0.34799,0.47617,0.44585,-0.45321,-0.00665,Used in Last Day,1,6
573,573,1231,18-24,F,4,USA,White,0.13606,0.16767,1.06238,-0.45321,-0.14277,Used in Last Day,1,6
575,575,1248,55-64,M,7,UK,White,0.13606,-0.57545,-0.84732,-0.45321,-1.25773,Used in Last Day,1,6
576,576,1251,35-44,F,8,UK,White,-0.92104,-0.15487,0.44585,-0.45321,1.13407,Used in Last Day,1,6
577,577,1252,45-54,F,9,UK,Mixed-White/Asian,0.73545,-0.15487,1.24033,-0.45321,0.7583,Used in Last Day,1,6
579,579,1288,35-44,F,7,USA,White,-0.58016,0.47617,2.15324,-0.45321,-0.14277,Used in Last Day,1,6
580,580,1313,35-44,F,8,USA,White,-1.05308,1.93886,0.88309,-0.45321,1.81175,Used in Last Day,1,6
588,588,1433,45-54,F,9,UK,White,-1.05308,-1.23177,-0.71727,-0.45321,0.58489,Used in Last Day,1,6
591,591,1493,18-24,M,5,USA,White,1.49158,-0.57545,-0.71727,-0.45321,-1.5184,Used in Last Day,1,6
600,600,1729,45-54,M,8,UK,White,-0.79151,-0.94779,-0.45174,-0.45321,-0.40581,Used in Last Day,1,6
603,603,1835,25-34,M,5,USA,White,-0.67825,0.63779,-0.45174,-0.45321,0.25953,Used in Last Day,1,6
605,605,1853,25-34,M,6,USA,Other,0.41667,0.96248,-0.17779,-0.45321,0.7583,Used in Last Day,1,6
608,608,7,45-54,M,8,USA,White,-0.46725,-1.09207,-0.45174,-0.30172,0.93949,Used in Last Day,1,6
616,616,123,55-64,M,8,UK,White,0.22393,0.16767,-0.17779,-0.30172,-0.89891,Used in Last Day,1,6
621,621,277,55-64,M,9,UK,White,-0.92104,0.47617,-0.58331,-0.30172,-0.52745,Used in Last Day,1,6
622,622,284,45-54,M,7,UK,White,-0.92104,1.58487,0.14143,-0.30172,0.7583,Used in Last Day,1,6
624,624,289,25-34,M,5,UK,White,0.62967,0.32197,-0.71727,-0.30172,-0.00665,Used in Last Day,1,6
626,626,398,35-44,F,7,UK,White,-1.86962,0.63779,-0.97631,-0.30172,0.58489,Used in Last Day,1,6
627,627,409,35-44,M,3,UK,Other,1.37297,-0.15487,-0.31776,-0.30172,-0.65253,Used in Last Day,1,6
628,628,421,25-34,M,7,UK,White,0.62967,0.16767,-0.17779,-0.30172,0.12331,Used in Last Day,1,6
630,630,427,35-44,M,7,UK,White,-0.34799,-0.30033,0.14143,-0.30172,-1.64101,Used in Last Day,1,6
632,632,469,35-44,M,7,UK,White,-0.05188,0.16767,-0.71727,-0.30172,0.12331,Used in Last Day,1,6
635,635,564,35-44,F,8,UK,Other,2.61139,0.47617,-1.55521,-0.30172,1.46191,Used in Last Day,1,6
637,637,583,18-24,M,5,UK,White,-0.92104,1.58487,0.44585,-0.30172,-0.65253,Used in Last Day,1,6
638,638,584,35-44,F,6,UK,White,0.31287,1.2861,1.65653,-0.30172,0.93949,Used in Last Day,1,6
640,640,625,45-54,F,8,UK,White,-0.34799,0.00332,-0.45174,-0.30172,-1.38502,Used in Last Day,1,6
643,643,670,25-34,M,5,UK,White,-0.58016,0.96248,0.44585,-0.30172,-0.14277,Used in Last Day,1,6
645,645,693,45-54,F,8,UK,White,0.22393,-0.69509,-0.31776,-0.30172,-0.52745,Used in Last Day,1,6
652,652,799,25-34,F,5,USA,White,0.13606,1.11406,0.7233,-0.30172,0.7583,Used in Last Day,1,6
658,658,921,18-24,M,4,Canada,White,0.22393,1.45421,2.15324,-0.30172,-1.0145,Used in Last Day,1,6
659,659,948,25-34,M,6,UK,White,2.127,-1.37639,0.14143,-0.30172,-1.64101,Used in Last Day,1,6
669,669,1090,18-24,F,8,UK,White,0.52135,0.47617,-0.01928,-0.30172,0.25953,Used in Last Day,1,6
682,682,1342,35-44,M,4,USA,Black,0.73545,-1.37639,-0.97631,-0.30172,-0.52745,Used in Last Day,1,6
685,685,1478,18-24,M,5,USA,White,0.41667,-0.69509,-0.01928,-0.30172,-1.25773,Used in Last Day,1,6
687,687,1504,25-34,M,7,USA,White,-0.46725,0.47617,1.43533,-0.30172,-0.40581,Used in Last Day,1,6
690,690,1603,55-64,F,8,UK,White,0.31287,0.47617,1.06238,-0.30172,-0.78155,Used in Last Day,1,6
692,692,1621,25-34,M,7,UK,Black,1.37297,-0.30033,-0.97631,-0.30172,-0.27607,Used in Last Day,1,6
698,698,1695,45-54,M,8,UK,White,-0.92104,-0.30033,-0.01928,-0.30172,-0.40581,Used in Last Day,1,6
700,700,1758,35-44,M,6,UK,White,1.02119,-0.43999,-2.39883,-0.30172,0.7583,Used in Last Day,1,6
705,705,1825,25-34,M,7,UK,Asian,-0.46725,-1.50796,-0.58331,-0.30172,-0.40581,Used in Last Day,1,6
706,706,1834,35-44,F,7,USA,White,-0.34799,-1.09207,0.29338,-0.30172,1.30612,Used in Last Day,1,6
712,712,44,35-44,M,6,UK,White,-0.92104,-0.57545,-0.31776,-0.15487,-1.0145,Used in Last Day,1,6
713,713,49,45-54,M,2,UK,White,0.13606,-0.80615,-0.31776,-0.15487,-0.65253,Used in Last Day,1,6
714,714,81,65+,F,9,Canada,White,0.04257,0.32197,0.44585,-0.15487,1.46191,Used in Last Day,1,6
722,722,305,45-54,F,7,UK,White,-0.34799,0.00332,-1.27553,-0.15487,0.93949,Used in Last Day,1,6
726,726,350,45-54,M,6,UK,Black,-0.58016,0.32197,-0.45174,-0.15487,0.25953,Used in Last Day,1,6
730,730,416,35-44,F,5,UK,White,-1.86962,0.32197,-1.11902,-0.15487,-0.65253,Used in Last Day,1,6
736,736,476,55-64,F,7,UK,Mixed-White/Asian,-0.24649,0.96248,0.14143,-0.15487,0.41594,Used in Last Day,1,6
737,737,483,35-44,F,7,Australia,White,1.02119,0.16767,0.29338,-0.15487,0.58489,Used in Last Day,1,6
740,740,558,18-24,F,7,UK,White,-0.14882,-0.30033,0.29338,-0.15487,0.25953,Used in Last Day,1,6
743,743,662,18-24,F,7,UK,White,-0.24649,-1.09207,-0.71727,-0.15487,1.46191,Used in Last Day,1,6
748,748,721,35-44,M,5,UK,White,1.23461,0.80523,0.88309,-0.15487,1.13407,Used in Last Day,1,6
750,750,733,18-24,F,7,UK,White,1.23461,0.63779,0.7233,-0.15487,-0.00665,Used in Last Day,1,6
753,753,837,18-24,M,7,USA,White,0.52135,-0.94779,-0.45174,-0.15487,-0.14277,Used in Last Day,1,6
754,754,847,35-44,M,5,USA,White,0.91093,-1.6334,-1.42424,-0.15487,0.25953,Used in Last Day,1,6
757,757,881,25-34,M,8,USA,White,1.23461,0.00332,-0.31776,-0.15487,-0.14277,Used in Last Day,1,6
759,759,980,45-54,F,5,USA,White,1.23461,-1.09207,-0.45174,-0.15487,0.7583,Used in Last Day,1,6
762,762,1037,18-24,F,5,USA,White,0.52135,0.80523,0.88309,-0.15487,-0.27607,Used in Last Day,1,6
763,763,1042,35-44,F,8,UK,White,0.62967,-0.15487,-1.97495,-0.15487,-1.0145,Used in Last Day,1,6
765,765,1087,18-24,F,8,UK,White,-0.24649,0.47617,0.88309,-0.15487,1.81175,Used in Last Day,1,6
773,773,1242,35-44,F,7,UK,White,1.02119,-1.37639,-0.45174,-0.15487,-0.89891,Used in Last Day,1,6
776,776,1320,35-44,M,7,USA,White,-0.67825,-0.30033,-0.31776,-0.15487,1.30612,Used in Last Day,1,6
777,777,1347,45-54,M,5,USA,White,0.82562,-0.15487,0.44585,-0.15487,0.12331,Used in Last Day,1,6
780,780,1375,45-54,M,7,UK,Other,-0.58016,-0.57545,-0.01928,-0.15487,-0.14277,Used in Last Day,1,6
784,784,1503,18-24,M,7,USA,White,0.41667,-1.92173,0.88309,-0.15487,-0.52745,Used in Last Day,1,6
788,788,1586,25-34,F,7,UK,White,0.13606,1.11406,0.14143,-0.15487,0.58489,Used in Last Day,1,6
793,793,1640,45-54,F,6,UK,White,-0.05188,0.16767,-0.97631,-0.15487,-0.27607,Used in Last Day,1,6
794,794,1696,35-44,M,6,UK,White,-0.46725,0.63779,-0.17779,-0.15487,-0.65253,Used in Last Day,1,6
796,796,1700,25-34,F,8,USA,White,-1.69163,0.80523,0.7233,-0.15487,-0.00665,Used in Last Day,1,6
798,798,1741,45-54,F,7,UK,White,-0.92104,0.32197,-0.58331,-0.15487,1.13407,Used in Last Day,1,6
801,801,1861,18-24,M,5,USA,White,1.72012,0.32197,1.65653,-0.15487,-1.78169,Used in Last Day,1,6
804,804,28,35-44,M,7,UK,White,0.52135,-1.23177,-0.01928,-0.01729,-2.18109,Used in Last Day,1,6
805,805,37,35-44,M,7,UK,White,-0.24649,-0.57545,-0.17779,-0.01729,-1.5184,Used in Last Day,1,6
806,806,39,45-54,M,7,UK,White,-1.55078,1.2861,0.29338,-0.01729,0.7583,Used in Last Day,1,6
807,807,43,35-44,M,8,UK,White,-0.14882,-0.94779,-1.27553,-0.01729,-0.65253,Used in Last Day,1,6
814,814,254,45-54,F,9,UK,White,-0.79151,0.16767,0.29338,-0.01729,0.93949,Used in Last Day,1,6
817,817,281,55-64,M,8,UK,White,-0.05188,0.16767,0.7233,-0.01729,-0.89891,Used in Last Day,1,6
825,825,381,45-54,F,6,UK,White,0.82562,-0.43999,0.7233,-0.01729,0.25953,Used in Last Day,1,6
829,829,468,45-54,M,7,UK,White,0.22393,0.00332,1.24033,-0.01729,1.46191,Used in Last Day,1,6
833,833,528,55-64,M,4,UK,White,-1.86962,0.47617,-1.11902,-0.01729,0.41594,Used in Last Day,1,6
836,836,557,45-54,F,8,UK,White,0.22393,-0.94779,-1.11902,-0.01729,0.93949,Used in Last Day,1,6
837,837,582,35-44,F,5,UK,White,-1.1943,0.00332,-1.11902,-0.01729,-1.92173,Used in Last Day,1,6
839,839,626,35-44,F,9,UK,White,0.04257,0.00332,-1.27553,-0.01729,0.25953,Used in Last Day,1,6
842,842,681,45-54,M,9,UK,White,0.22393,-0.80615,-0.17779,-0.01729,-2.04506,Used in Last Day,1,6
843,843,690,55-64,F,8,UK,White,0.82562,-0.69509,-0.45174,-0.01729,-0.14277,Used in Last Day,1,6
844,844,699,35-44,M,7,USA,White,-0.05188,-0.94779,0.88309,-0.01729,-0.65253,Used in Last Day,1,6
849,849,785,18-24,F,5,USA,White,-0.24649,0.47617,0.88309,-0.01729,1.13407,Used in Last Day,1,6
858,858,1011,45-54,M,7,USA,White,-0.67825,0.00332,-0.01928,-0.01729,0.41594,Used in Last Day,1,6
860,860,1036,18-24,M,6,UK,White,0.52135,0.47617,1.88511,-0.01729,-0.52745,Used in Last Day,1,6
862,862,1069,18-24,M,4,UK,White,-1.69163,0.96248,-0.01928,-0.01729,-0.89891,Used in Last Day,1,6
866,866,1125,25-34,M,6,UK,White,0.73545,-0.94779,-1.11902,-0.01729,-1.25773,Used in Last Day,1,6
869,869,1161,25-34,F,7,Canada,White,0.62967,-0.15487,0.14143,-0.01729,-1.13788,Used in Last Day,1,6
871,871,1217,25-34,M,6,USA,White,1.23461,-0.57545,0.88309,-0.01729,-0.89891,Used in Last Day,1,6
874,874,1306,18-24,M,5,Australia,White,2.61139,-2.32338,1.06238,-0.01729,-2.42317,Used in Last Day,1,6
882,882,1479,18-24,M,5,USA,White,-0.92104,1.45421,1.65653,-0.01729,-0.52745,Used in Last Day,1,6
892,892,1633,35-44,M,6,Canada,White,1.60383,0.16767,-0.45174,-0.01729,1.81175,Used in Last Day,1,6
897,897,1731,25-34,F,5,UK,White,0.62967,-1.37639,-0.71727,-0.01729,-0.78155,Used in Last Day,1,6
900,900,1787,18-24,M,5,USA,White,-0.67825,3.27393,1.88511,-0.01729,-0.78155,Used in Last Day,1,6
901,901,1812,18-24,M,5,USA,White,-1.55078,-0.80615,1.06238,-0.01729,2.33337,Used in Last Day,1,6
902,902,38,55-64,M,1,USA,White,0.31287,0.32197,1.06238,0.13136,-0.65253,Used in Last Day,1,6
909,909,126,55-64,M,7,UK,White,-0.46725,1.2861,0.44585,0.13136,1.13407,Used in Last Day,1,6
914,914,174,35-44,F,7,UK,White,1.02119,0.63779,1.24033,0.13136,0.25953,Used in Last Day,1,6
927,927,370,25-34,M,6,UK,White,-0.05188,-0.94779,-1.68062,0.13136,0.7583,Used in Last Day,1,6
939,939,514,18-24,M,5,UK,White,0.41667,0.47617,0.58331,0.13136,-1.0145,Used in Last Day,1,6
946,946,610,25-34,M,7,UK,White,-1.69163,1.2861,1.24033,0.13136,1.13407,Used in Last Day,1,6
947,947,612,25-34,M,5,UK,White,-0.92104,0.96248,0.88309,0.13136,-0.65253,Used in Last Day,1,6
951,951,654,18-24,M,5,USA,White,-0.67825,0.63779,-0.01928,0.13136,-0.00665,Used in Last Day,1,6
960,960,834,25-34,F,8,USA,White,0.13606,-0.94779,1.43533,0.13136,0.58489,Used in Last Day,1,6
961,961,841,18-24,M,4,UK,White,0.73545,0.00332,2.15324,0.13136,-1.5184,Used in Last Day,1,6
971,971,974,18-24,M,5,USA,White,1.49158,-1.23177,-1.11902,0.13136,-0.52745,Used in Last Day,1,6
972,972,991,18-24,M,5,USA,White,1.72012,-0.57545,1.65653,0.13136,-0.40581,Used in Last Day,1,6
986,986,1227,18-24,M,7,USA,White,0.62967,1.45421,0.58331,0.13136,0.93949,Used in Last Day,1,6
988,988,1245,25-34,F,7,UK,White,0.52135,0.00332,-0.97631,0.13136,-1.38502,Used in Last Day,1,6
990,990,1263,25-34,F,6,UK,White,0.31287,0.96248,-0.97631,0.13136,0.58489,Used in Last Day,1,6
1002,1002,1505,18-24,F,7,USA,Mixed-White/Asian,-0.46725,0.00332,-0.31776,0.13136,-0.52745,Used in Last Day,1,6
1008,1008,1660,45-54,F,7,UK,White,-2.21844,0.63779,0.29338,0.13136,0.41594,Used in Last Day,1,6
1011,1011,1754,25-34,F,6,UK,White,-0.14882,1.58487,-0.01928,0.13136,-0.40581,Used in Last Day,1,6
1015,1015,17,35-44,F,5,UK,White,-1.55078,-0.80615,-1.68062,0.28783,0.7583,Used in Last Day,1,6
1016,1016,24,45-54,M,2,UK,White,1.60383,-3.27393,-1.27553,0.28783,-1.0145,Used in Last Day,1,6
1017,1017,29,35-44,F,8,UK,White,0.04257,-1.50796,-0.71727,0.28783,1.30612,Used in Last Day,1,6
1022,1022,70,45-54,F,2,UK,White,-0.05188,-0.69509,-1.68062,0.28783,-0.00665,Used in Last Day,1,6
1023,1023,74,45-54,M,6,UK,White,-0.67825,-0.57545,-0.31776,0.28783,1.13407,Used in Last Day,1,6
1024,1024,91,35-44,F,8,UK,White,1.37297,0.32197,0.7233,0.28783,-0.78155,Used in Last Day,1,6
1031,1031,139,55-64,M,7,UK,White,-0.46725,-0.80615,0.14143,0.28783,0.93949,Used in Last Day,1,6
1032,1032,143,35-44,M,3,UK,White,-0.46725,-0.30033,-1.27553,0.28783,-0.14277,Used in Last Day,1,6
1035,1035,187,35-44,F,8,UK,White,-0.67825,1.45421,0.14143,0.28783,1.81175,Used in Last Day,1,6
1038,1038,267,55-64,M,7,UK,White,-1.1943,-0.15487,-0.17779,0.28783,0.7583,Used in Last Day,1,6
1039,1039,272,45-54,F,8,UK,White,0.73545,-0.69509,0.44585,0.28783,-1.38502,Used in Last Day,1,6
1040,1040,273,55-64,M,9,UK,White,-1.05308,0.00332,-0.01928,0.28783,-0.00665,Used in Last Day,1,6
1041,1041,274,25-34,F,7,UK,White,0.22393,0.16767,-1.11902,0.28783,0.25953,Used in Last Day,1,6
1042,1042,313,45-54,F,8,UK,White,-0.34799,0.00332,-0.45174,0.28783,0.12331,Used in Last Day,1,6
1044,1044,324,45-54,M,3,UK,White,0.91093,-1.09207,-1.68062,0.28783,-0.78155,Used in Last Day,1,6
1053,1053,561,45-54,F,7,UK,White,-0.79151,0.00332,0.44585,0.28783,1.13407,Used in Last Day,1,6
1054,1054,562,18-24,F,7,UK,White,1.02119,0.16767,-0.71727,0.28783,0.41594,Used in Last Day,1,6
1057,1057,632,35-44,F,9,UK,White,0.52135,-0.30033,1.65653,0.28783,1.13407,Used in Last Day,1,6
1059,1059,666,25-34,F,9,UK,White,1.13281,-0.43999,0.14143,0.28783,-0.27607,Used in Last Day,1,6
1061,1061,683,25-34,M,8,UK,White,1.37297,-1.7625,0.44585,0.28783,0.58489,Used in Last Day,1,6
1062,1062,700,55-64,M,5,UK,White,-0.14882,-1.09207,-0.71727,0.28783,-1.0145,Used in Last Day,1,6
1066,1066,885,18-24,M,5,USA,White,0.04257,1.2861,0.7233,0.28783,-0.65253,Used in Last Day,1,6
1074,1074,1082,25-34,F,8,UK,Other,0.31287,1.74091,-0.17779,0.28783,0.58489,Used in Last Day,1,6
1077,1077,1114,45-54,M,9,USA,White,0.41667,-0.43999,0.58331,0.28783,-1.25773,Used in Last Day,1,6
1081,1081,1254,35-44,F,7,UK,White,-0.34799,-1.23177,-1.97495,0.28783,-0.27607,Used in Last Day,1,6
1083,1083,1264,45-54,F,7,UK,White,0.04257,-0.15487,-0.71727,0.28783,0.58489,Used in Last Day,1,6
1088,1088,1406,25-34,F,9,UK,Mixed-White/Black,1.60383,1.2861,0.58331,0.28783,-0.78155,Used in Last Day,1,6
1091,1091,1428,18-24,F,6,UK,Other,0.04257,0.00332,-0.17779,0.28783,1.81175,Used in Last Day,1,6
1092,1092,1436,55-64,F,8,UK,White,-0.79151,0.00332,0.14143,0.28783,0.7583,Used in Last Day,1,6
1096,1096,1535,25-34,M,4,Australia,White,0.04257,0.32197,-0.97631,0.28783,-0.65253,Used in Last Day,1,6
1099,1099,1551,25-34,F,6,UK,White,-0.46725,0.00332,-1.11902,0.28783,-0.00665,Used in Last Day,1,6
1100,1100,1557,18-24,F,8,UK,White,0.31287,0.80523,-0.97631,0.28783,0.25953,Used in Last Day,1,6
1108,1108,1704,18-24,M,5,USA,White,-0.34799,-0.69509,-0.58331,0.28783,-1.13788,Used in Last Day,1,6
1115,1115,1798,18-24,M,5,USA,White,0.31287,-0.15487,1.88511,0.28783,-1.5184,Used in Last Day,1,6
1116,1116,1804,18-24,M,5,USA,White,-0.14882,1.74091,1.06238,0.28783,-1.0145,Used in Last Day,1,6
1117,1117,1820,18-24,M,8,USA,White,-2.75696,2.57309,1.24033,0.28783,1.46191,Used in Last Day,1,6
1121,1121,1870,18-24,F,7,USA,White,0.13606,-0.80615,1.43533,0.28783,1.63088,Used in Last Day,1,6
1122,1122,33,35-44,M,7,UK,White,-0.79151,-1.23177,-0.01928,0.43852,-0.00665,Used in Last Day,1,6
1123,1123,73,45-54,M,4,UK,White,-1.55078,0.96248,-0.01928,0.43852,0.93949,Used in Last Day,1,6
1129,1129,237,25-34,F,8,UK,White,1.49158,0.32197,-0.17779,0.43852,0.41594,Used in Last Day,1,6
1131,1131,260,65+,M,6,UK,White,-1.05308,-0.30033,0.29338,0.43852,0.7583,Used in Last Day,1,6
1132,1132,269,45-54,F,8,UK,White,-1.05308,1.74091,0.58331,0.43852,2.04506,Used in Last Day,1,6
1138,1138,334,18-24,F,5,UK,White,2.82196,-1.92173,-0.84732,0.43852,-1.78169,Used in Last Day,1,6
1139,1139,337,25-34,F,8,UK,White,0.41667,-0.57545,0.58331,0.43852,-1.0145,Used in Last Day,1,6
1142,1142,414,25-34,F,7,UK,White,0.13606,1.11406,-0.97631,0.43852,-0.27607,Used in Last Day,1,6
1148,1148,694,35-44,M,8,UK,White,-1.1943,-0.30033,0.14143,0.43852,0.58489,Used in Last Day,1,6
1149,1149,747,25-34,F,2,UK,White,0.73545,0.32197,-1.11902,0.43852,-0.40581,Used in Last Day,1,6
1150,1150,770,25-34,M,7,Australia,White,1.02119,0.16767,0.58331,0.43852,0.7583,Used in Last Day,1,6
1152,1152,784,18-24,F,5,USA,White,0.82562,-0.43999,0.88309,0.43852,-0.52745,Used in Last Day,1,6
1166,1166,1088,35-44,M,6,Canada,White,-0.14882,-0.15487,0.58331,0.43852,0.58489,Used in Last Day,1,6
1169,1169,1126,25-34,M,4,UK,White,-1.05308,0.00332,-2.39883,0.43852,-0.00665,Used in Last Day,1,6
1173,1173,1194,18-24,M,4,Canada,White,1.60383,-1.50796,0.44585,0.43852,-1.13788,Used in Last Day,1,6
1174,1174,1312,18-24,F,5,UK,White,-0.24649,0.32197,0.29338,0.43852,0.7583,Used in Last Day,1,6
1179,1179,1407,25-34,F,7,UK,White,0.22393,-0.57545,-1.55521,0.43852,-1.38502,Used in Last Day,1,6
1180,1180,1409,25-34,M,8,UK,White,1.37297,-1.23177,-0.58331,0.43852,-1.25773,Used in Last Day,1,6
1187,1187,1474,25-34,F,8,USA,White,-0.24649,0.32197,0.88309,0.43852,0.12331,Used in Last Day,1,6
1190,1190,1542,18-24,M,5,USA,White,-1.55078,1.2861,-0.97631,0.43852,0.93949,Used in Last Day,1,6
1205,1205,1689,25-34,F,8,USA,White,0.13606,0.96248,1.65653,0.43852,-0.27607,Used in Last Day,1,6
1218,1218,10,55-64,M,8,UK,White,-0.24649,0.00332,-1.42424,0.59042,0.12331,Used in Last Day,1,6
1221,1221,135,25-34,F,8,UK,Mixed-White/Asian,3.27393,-1.50796,-0.31776,0.59042,-0.65253,Used in Last Day,1,6
1225,1225,185,55-64,M,4,UK,White,0.04257,-0.80615,-0.97631,0.59042,0.25953,Used in Last Day,1,6
1231,1231,248,45-54,M,8,UK,White,-0.92104,-0.30033,-1.11902,0.59042,1.63088,Used in Last Day,1,6
1233,1233,303,35-44,F,9,UK,White,0.52135,-0.43999,-0.71727,0.59042,0.93949,Used in Last Day,1,6
1234,1234,310,35-44,M,8,UK,White,-0.79151,0.16767,-0.17779,0.59042,0.41594,Used in Last Day,1,6
1242,1242,459,18-24,F,7,UK,White,0.62967,0.00332,0.14143,0.59042,0.12331,Used in Last Day,1,6
1243,1243,494,18-24,M,4,UK,White,-0.92104,0.47617,0.44585,0.59042,-0.00665,Used in Last Day,1,6
1245,1245,530,35-44,M,9,UK,White,0.62967,-0.15487,-0.17779,0.59042,-1.64101,Used in Last Day,1,6
1246,1246,540,35-44,F,7,UK,White,1.13281,-0.30033,-0.01928,0.59042,0.58489,Used in Last Day,1,6
1247,1247,541,45-54,M,8,UK,White,-1.32828,1.2861,-0.17779,0.59042,1.81175,Used in Last Day,1,6
1250,1250,576,35-44,F,7,UK,White,2.127,-1.50796,-1.82919,0.59042,-1.78169,Used in Last Day,1,6
1275,1275,1091,25-34,F,8,USA,White,-0.46725,-0.15487,0.29338,0.59042,0.93949,Used in Last Day,1,6
1282,1282,1265,25-34,F,6,UK,White,-0.34799,-0.80615,-1.11902,0.59042,-0.00665,Used in Last Day,1,6
1283,1283,1268,35-44,F,6,UK,White,0.13606,-1.09207,-0.45174,0.59042,0.25953,Used in Last Day,1,6
1286,1286,1420,18-24,M,5,USA,White,-0.34799,0.80523,1.43533,0.59042,-0.00665,Used in Last Day,1,6
1289,1289,1507,45-54,F,9,UK,White,0.04257,1.58487,1.06238,0.59042,2.04506,Used in Last Day,1,6
1293,1293,1574,25-34,F,8,UK,White,0.31287,0.00332,-0.31776,0.59042,0.41594,Used in Last Day,1,6
1299,1299,1641,35-44,F,6,UK,White,0.31287,0.63779,-0.58331,0.59042,0.12331,Used in Last Day,1,6
1300,1300,1687,35-44,F,6,UK,White,-1.05308,0.63779,-0.45174,0.59042,0.58489,Used in Last Day,1,6
1303,1303,1724,55-64,M,6,UK,White,-2.05048,-0.15487,-1.42424,0.59042,0.41594,Used in Last Day,1,6
1306,1306,1839,35-44,F,6,USA,White,-0.05188,-0.80615,-0.01928,0.59042,0.25953,Used in Last Day,1,6
1313,1313,154,25-34,M,7,UK,White,-0.67825,0.96248,-1.68062,0.76096,0.7583,Used in Last Day,1,6
1314,1314,172,35-44,M,8,UK,White,-0.34799,0.96248,2.15324,0.76096,-0.78155,Used in Last Day,1,6
1315,1315,175,35-44,F,6,UK,White,1.02119,-0.57545,-2.21069,0.76096,-1.5184,Used in Last Day,1,6
1318,1318,199,25-34,F,6,UK,White,-0.05188,0.47617,0.58331,0.76096,-0.00665,Used in Last Day,1,6
1321,1321,271,45-54,F,8,UK,White,-2.3436,2.127,1.65653,0.76096,0.7583,Used in Last Day,1,6
1325,1325,340,35-44,M,9,UK,White,-1.86962,1.2861,0.29338,0.76096,1.46191,Used in Last Day,1,6
1330,1330,441,35-44,F,7,UK,White,-0.46725,0.47617,-0.58331,0.76096,1.81175,Used in Last Day,1,6
1335,1335,490,25-34,M,2,UK,White,0.41667,-1.37639,0.14143,0.76096,-0.40581,Used in Last Day,1,6
1338,1338,552,18-24,F,7,UK,White,-0.14882,-0.43999,-1.42424,0.76096,1.30612,Used in Last Day,1,6
1341,1341,617,35-44,F,8,UK,White,0.13606,-0.15487,-0.45174,0.76096,-0.27607,Used in Last Day,1,6
1348,1348,743,45-54,F,8,UK,White,0.82562,-0.30033,0.29338,0.76096,1.63088,Used in Last Day,1,6
1350,1350,758,18-24,F,5,Republic of Ireland,White,2.28554,-0.43999,-0.17779,0.76096,-2.18109,Used in Last Day,1,6
1352,1352,804,45-54,F,7,USA,White,0.13606,-0.94779,-0.97631,0.76096,-0.27607,Used in Last Day,1,6
1355,1355,869,18-24,F,5,USA,White,-0.05188,1.2861,1.43533,0.76096,2.04506,Used in Last Day,1,6
1363,1363,1045,25-34,F,8,UK,White,0.91093,-0.43999,-1.42424,0.76096,-0.65253,Used in Last Day,1,6
1364,1364,1156,18-24,F,8,UK,White,0.41667,0.16767,0.29338,0.76096,-0.52745,Used in Last Day,1,6
1365,1365,1167,35-44,M,7,USA,White,-0.34799,-0.57545,0.88309,0.76096,-1.78169,Used in Last Day,1,6
1368,1368,1272,55-64,F,7,UK,White,-0.14882,-0.15487,0.14143,0.76096,-0.52745,Used in Last Day,1,6
1372,1372,1337,18-24,F,7,UK,White,0.04257,1.58487,-0.71727,0.76096,1.30612,Used in Last Day,1,6
1374,1374,1363,18-24,M,5,USA,White,0.82562,-1.09207,0.58331,0.76096,-1.13788,Used in Last Day,1,6
1375,1375,1372,25-34,F,8,UK,White,-0.58016,-0.43999,-1.55521,0.76096,-0.52745,Used in Last Day,1,6
1380,1380,1426,25-34,F,7,USA,White,-0.24649,0.63779,1.24033,0.76096,0.58489,Used in Last Day,1,6
1381,1381,1441,35-44,F,8,UK,White,-0.14882,0.00332,-0.84732,0.76096,0.41594,Used in Last Day,1,6
1387,1387,1584,35-44,M,6,UK,White,0.31287,-1.23177,-0.01928,0.76096,0.12331,Used in Last Day,1,6
1390,1390,1616,55-64,M,6,UK,White,0.62967,-1.50796,-1.55521,0.76096,-0.40581,Used in Last Day,1,6
1391,1391,1626,35-44,F,6,UK,White,-0.79151,0.32197,-1.27553,0.76096,0.7583,Used in Last Day,1,6
1400,1400,1702,35-44,F,7,USA,White,1.98437,-0.80615,2.15324,0.76096,-0.00665,Used in Last Day,1,6
1414,1414,100,25-34,F,7,UK,White,-0.67825,3.00537,0.7233,0.94156,1.63088,Used in Last Day,1,6
1415,1415,130,45-54,F,8,UK,White,-0.79151,0.96248,-1.11902,0.94156,0.41594,Used in Last Day,1,6
1416,1416,140,45-54,M,2,UK,White,-0.05188,0.32197,-0.58331,0.94156,-0.27607,Used in Last Day,1,6
1419,1419,203,35-44,F,7,UK,White,-0.67825,1.2861,-0.45174,0.94156,1.13407,Used in Last Day,1,6
1421,1421,230,45-54,F,7,UK,White,-1.05308,1.45421,0.14143,0.94156,1.63088,Used in Last Day,1,6
1422,1422,234,45-54,M,7,UK,White,-0.67825,0.80523,-1.42424,0.94156,0.25953,Used in Last Day,1,6
1429,1429,327,35-44,M,4,UK,White,-0.58016,-1.6334,-1.97495,0.94156,0.41594,Used in Last Day,1,6
1439,1439,480,25-34,F,7,UK,White,0.41667,0.80523,-0.31776,0.94156,0.58489,Used in Last Day,1,6
1440,1440,538,18-24,F,7,UK,White,1.37297,0.80523,-0.97631,0.94156,-0.65253,Used in Last Day,1,6
1452,1452,832,18-24,M,6,UK,White,0.31287,-0.43999,-0.71727,0.94156,-0.14277,Used in Last Day,1,6
1457,1457,985,18-24,M,5,USA,White,-0.14882,-0.15487,1.24033,0.94156,-0.14277,Used in Last Day,1,6
1460,1460,1046,18-24,M,5,UK,White,0.73545,1.2861,1.43533,0.94156,-0.89891,Used in Last Day,1,6
1468,1468,1315,35-44,M,7,USA,White,-0.92104,0.96248,0.58331,0.94156,1.13407,Used in Last Day,1,6
1471,1471,1403,25-34,F,7,UK,White,0.91093,0.00332,0.88309,0.94156,-0.52745,Used in Last Day,1,6
1472,1472,1444,35-44,F,9,UK,White,-0.46725,0.96248,0.7233,0.94156,0.58489,Used in Last Day,1,6
1474,1474,1464,18-24,M,5,USA,White,-1.1943,0.80523,0.88309,0.94156,0.41594,Used in Last Day,1,6
1477,1477,1540,18-24,M,5,USA,White,1.13281,-0.69509,0.88309,0.94156,-0.89891,Used in Last Day,1,6
1478,1478,1554,45-54,F,6,UK,White,-0.58016,-0.57545,-1.27553,0.94156,0.93949,Used in Last Day,1,6
1483,1483,1647,35-44,M,6,UK,White,0.04257,-0.94779,0.14143,0.94156,0.58489,Used in Last Day,1,6
1486,1486,1710,45-54,F,7,UK,White,-1.05308,1.2861,-0.84732,0.94156,-0.14277,Used in Last Day,1,6
1488,1488,1723,45-54,M,7,UK,White,-0.05188,1.11406,0.7233,0.94156,1.81175,Used in Last Day,1,6
1501,1501,201,18-24,F,7,UK,White,-0.58016,0.16767,-0.84732,1.11406,1.46191,Used in Last Day,1,6
1504,1504,220,35-44,F,5,UK,White,-0.34799,-0.57545,0.14143,1.11406,0.25953,Used in Last Day,1,6
1505,1505,223,35-44,F,7,UK,White,-0.24649,0.63779,0.7233,1.11406,0.25953,Used in Last Day,1,6
1513,1513,487,45-54,F,2,UK,White,-0.46725,0.32197,-1.55521,1.11406,-0.78155,Used in Last Day,1,6
1515,1515,573,18-24,F,8,UK,White,-1.69163,1.93886,-0.17779,1.11406,1.81175,Used in Last Day,1,6
1516,1516,580,45-54,F,8,UK,White,1.02119,-0.15487,0.29338,1.11406,1.46191,Used in Last Day,1,6
1519,1519,661,25-34,F,8,UK,Black,-1.32828,0.47617,-0.01928,1.11406,0.12331,Used in Last Day,1,6
1522,1522,752,25-34,F,6,UK,White,-2.3436,1.45421,-1.82919,1.11406,1.30612,Used in Last Day,1,6
1524,1524,760,18-24,M,9,UK,White,-2.75696,1.74091,0.58331,1.11406,0.25953,Used in Last Day,1,6
1525,1525,763,25-34,F,7,Australia,White,-1.32828,0.80523,1.43533,1.11406,0.12331,Used in Last Day,1,6
1535,1535,1092,25-34,F,7,UK,White,-1.05308,1.45421,0.14143,1.11406,-0.27607,Used in Last Day,1,6
1537,1537,1120,25-34,F,7,USA,White,-1.69163,2.57309,2.90161,1.11406,-0.27607,Used in Last Day,1,6
1544,1544,1366,35-44,F,7,USA,White,-0.05188,-0.94779,0.29338,1.11406,-0.89891,Used in Last Day,1,6
1557,1557,34,18-24,M,7,UK,White,0.41667,-0.30033,0.29338,1.2861,-0.14277,Used in Last Day,1,6
1569,1569,425,35-44,F,7,UK,Mixed-White/Asian,-1.05308,0.80523,-0.71727,1.2861,0.93949,Used in Last Day,1,6
1570,1570,434,45-54,F,2,UK,White,0.22393,1.93886,-1.11902,1.2861,-0.14277,Used in Last Day,1,6
1577,1577,696,35-44,F,8,UK,White,-0.14882,-0.43999,-0.01928,1.2861,1.81175,Used in Last Day,1,6
1580,1580,795,25-34,M,7,UK,White,-0.05188,-0.57545,1.24033,1.2861,-0.52745,Used in Last Day,1,6
1584,1584,958,35-44,M,6,UK,White,-1.43907,-0.30033,0.14143,1.2861,1.30612,Used in Last Day,1,6
1585,1585,1012,18-24,F,5,USA,White,-0.58016,1.45421,1.88511,1.2861,-0.78155,Used in Last Day,1,6
1587,1587,1111,18-24,M,5,UK,White,-0.92104,1.74091,1.43533,1.2861,-0.27607,Used in Last Day,1,6
1589,1589,1171,35-44,F,7,USA,White,-1.1943,1.2861,1.43533,1.2861,0.25953,Used in Last Day,1,6
1602,1602,1581,35-44,F,2,UK,White,-0.46725,0.16767,-0.45174,1.2861,0.58489,Used in Last Day,1,6
1609,1609,1802,25-34,M,9,USA,White,0.52135,1.58487,2.90161,1.2861,1.81175,Used in Last Day,1,6
1612,1612,1845,18-24,M,5,USA,White,-0.58016,0.47617,2.15324,1.2861,0.41594,Used in Last Day,1,6
1619,1619,358,45-54,M,7,UK,White,-1.1943,-0.15487,-1.27553,1.45039,0.41594,Used in Last Day,1,6
1620,1620,464,45-54,M,4,UK,White,1.02119,-0.94779,-0.58331,1.45039,-1.25773,Used in Last Day,1,6
1621,1621,481,25-34,F,8,Australia,White,0.41667,-0.43999,1.43533,1.45039,0.25953,Used in Last Day,1,6
1622,1622,536,35-44,F,8,UK,White,-1.86962,2.32338,-0.45174,1.45039,1.46191,Used in Last Day,1,6
1626,1626,889,18-24,M,7,UK,White,-0.46725,2.57309,0.7233,1.45039,0.12331,Used in Last Day,1,6
1629,1629,975,18-24,M,5,USA,White,-1.86962,2.127,1.24033,1.45039,0.58489,Used in Last Day,1,6
1630,1630,1141,18-24,F,5,USA,White,-0.92104,0.47617,0.14143,1.45039,-0.27607,Used in Last Day,1,6
1631,1631,1144,18-24,F,5,USA,White,1.98437,-1.92173,1.24033,1.45039,-1.13788,Used in Last Day,1,6
1634,1634,1256,45-54,F,7,UK,White,1.37297,-0.69509,0.29338,1.45039,0.12331,Used in Last Day,1,6
1639,1639,1442,45-54,F,8,UK,White,-1.1943,-0.15487,0.14143,1.45039,1.30612,Used in Last Day,1,6
1642,1642,1541,18-24,F,5,USA,White,0.62967,-0.15487,1.88511,1.45039,0.12331,Used in Last Day,1,6
1643,1643,1566,45-54,F,6,UK,White,-0.46725,-0.30033,-1.42424,1.45039,2.04506,Used in Last Day,1,6
1647,1647,1748,45-54,F,5,UK,White,0.13606,0.80523,0.44585,1.45039,-0.14277,Used in Last Day,1,6
1650,1650,21,45-54,M,6,UK,White,-0.79151,0.80523,0.7233,1.61108,-1.13788,Used in Last Day,1,6
1658,1658,328,45-54,M,8,UK,White,-1.86962,1.58487,-0.01928,1.61108,1.30612,Used in Last Day,1,6
1659,1659,376,55-64,F,8,UK,White,-0.24649,1.2861,0.88309,1.61108,1.13407,Used in Last Day,1,6
1674,1674,1157,18-24,M,9,UK,White,-0.92104,1.74091,1.65653,1.61108,-0.52745,Used in Last Day,1,6
1684,1684,1816,18-24,F,8,UK,White,0.13606,0.32197,-0.97631,1.61108,0.93949,Used in Last Day,1,6
1690,1690,213,25-34,F,6,UK,White,0.13606,0.63779,-0.84732,1.81866,0.58489,Used in Last Day,1,6
1693,1693,357,25-34,M,1,UK,White,0.62967,0.00332,1.24033,1.81866,0.93949,Used in Last Day,1,6
1697,1697,601,45-54,F,8,UK,White,0.73545,-0.57545,-0.58331,1.81866,0.12331,Used in Last Day,1,6
1699,1699,714,18-24,M,7,USA,White,0.52135,0.80523,0.88309,1.81866,-0.00665,Used in Last Day,1,6
1709,1709,1382,18-24,M,5,USA,White,-1.05308,0.47617,1.06238,1.81866,1.30612,Used in Last Day,1,6
1711,1711,1445,35-44,F,8,UK,White,-0.67825,-0.43999,-1.11902,1.81866,0.93949,Used in Last Day,1,6
1714,1714,1572,45-54,M,6,UK,White,-0.79151,-0.43999,-0.01928,1.81866,0.7583,Used in Last Day,1,6
1725,1725,649,35-44,F,8,USA,White,1.13281,0.16767,1.06238,2.03972,-1.0145,Used in Last Day,1,6
1729,1729,1070,25-34,F,9,UK,White,-0.92104,0.00332,1.06238,2.03972,2.04506,Used in Last Day,1,6
1733,1733,1688,25-34,F,6,Canada,White,1.49158,-2.32338,-1.11902,2.03972,-0.27607,Used in Last Day,1,6
1742,1742,767,18-24,M,5,USA,White,1.02119,-0.80615,0.29338,2.23427,-0.65253,Used in Last Day,1,6
1747,1747,1184,25-34,F,6,Australia,White,0.41667,-0.43999,-0.58331,2.23427,-0.78155,Used in Last Day,1,6
1751,1751,348,45-54,F,7,UK,White,-0.14882,1.74091,1.65653,2.46262,0.25953,Used in Last Day,1,6
1757,1757,447,25-34,F,7,UK,White,0.22393,-1.09207,0.44585,2.75696,-0.65253,Used in Last Day,1,6
1758,1758,1039,35-44,F,8,USA,White,1.23461,-1.50796,-0.01928,2.75696,-0.78155,Used in Last Day,1,6
